{"y": [784.6737026938366, 782.2978172558092, 741.1158029966662, 721.3167576797706, 674.9869916382347, 604.1064094037483, 662.7115835417594, 669.0472780431661, 532.2485290784062, 558.2992729468792, 631.2413557786036, 712.5998327832192, 692.9615797131396, 693.7631410629388, 679.7358174414533, 637.6538465769969, 491.3270897546935, 448.22996783944353, 483.61866144464875, 514.4523746848275, 434.5650267443643, 367.29147058397416, 487.06563439644566, 459.53896169525865, 418.6209347070077, 381.0507462905227, 326.36938295167823, 324.50947263403043, 354.2680377163948, 333.0650600952102, 378.0748897822863, 239.9715722767392, 235.39259306890443, 297.20881237467387, 326.4634017580627, 312.98085186832697, 737.7760488007075, 735.9425372101489, 828.0764946357174, 757.0279205015725, 990.9836599810286, 966.1016597573228, 947.0561781046096, 949.5136596081854, 966.7160301332167, 975.9315857716263, 888.998177582629, 864.730547734817, 877.9395108165374, 714.8878013667281, 754.9370702453166, 742.4216737207577, 766.3797184963419, 875.145251020704, 926.106793724253, 853.7353920664629, 854.872937215579, 796.4789528942815, 860.56066296116, 868.9026607213453, 809.3711312509316, 469.613252293821, 729.3766527339719, 729.0718674303058, 704.0794725296814, 335.6352043304045, 798.099540083797, 816.9053825103385], "x": [714.015537307827, 612.9789253150783, 586.9980822312286, 537.9231564061793, 626.5879383589996, 535.0363960635293, 709.8915939611842, 446.78400844537333, 945.3212292089981, 885.7872370168602, 785.1464406920555, 770.9716806463084, 820.2289718052797, 854.9571339173601, 915.5542331129292, 884.3697610122855, 529.319114487908, 569.4394879507245, 609.5598614135408, 622.4912214552751, 716.6580484258525, 630.4489814809577, 835.1876067988997, 820.3041087508652, 810.0274077176986, 805.0662417016871, 787.7021606456468, 839.7944038137675, 849.7167358457905, 920.9449050756698, 980.4788972678077, 839.7945136661544, 770.5868694427961, 723.2630652900649, 725.1779012962447, 755.54172939424, 479.1573412748092, 407.88979771146944, 562.8029318780974, 576.6813482562214, 367.90252511919977, 347.53563305346836, 326.4144116519691, 284.17196884897066, 427.1173779769743, 395.43554587472545, 421.4599079587156, 422.59140196236734, 408.63630925066246, 250.28163893838573, 214.62714382331563, 293.00279074292916, 310.3482207989092, 167.01600706081106, 214.9698005489088, 862.9384700866431, 818.7646126107445, 794.8623198669364, 773.3805124642735, 833.5900853252584, 844.7848300280546, 315.82184130603576, 1209.9416300544137, 1227.923525487448, 1240.1612043238183, 172.0038150949241, 241.87902721363557, 1041.1251535408264]}