{"y": [400.5261745946041, 464.3054992420972, 500.1813693563121, 482.42462556240775, 435.67727965600653, 444.0120777633494, 403.06285227944755, 320.0772537324253, 309.20577794023893, 301.9581274121147, 307.0314827818017, 732.012111202615, 750.006443540322, 691.3292728738859, 677.6379330517175, 653.3847025095905, 639.3021815496458, 670.5966725717451, 590.0133581898394, 745.3483217619158, 740.2317684751739, 726.0628516811191, 671.7486706372425, 668.6000224607859, 690.6405596959822, 574.1405771670875, 580.8314545420577, 768.2014708882881, 921.6050180203323, 585.1211082476508, 545.7102085877647, 656.6016615523461, 693.3078916277302, 702.9674258580944, 731.5596471799726, 618.7362873693183, 568.9141521274311, 615.3375136559195, 510.8849502168206, 539.7123601982206, 535.219776824496, 530.7271934507712, 486.1757416613348, 495.5352903565946, 510.8849502168206, 459.22024141898675, 444.6193454543815, 437.8804703937945, 418.8168082700628, 376.3100578878985, 347.62664096334856, 387.71430799043037, 370.78072450485274, 273.3262236286711, 290.60539045068913, 285.76722374052406, 261.5763901896988, 291.6421404600102, 284.33594646571, 257.510039974527, 212.46901179180006, 283.01121034268857, 237.5492485505592, 213.5312066679542, 203.85727313190495, 172.5003851185039, 165.8287068177803, 383.61317497978143, 340.97683084645195, 529.3173604544431, 467.3763471660702, 467.72433038679145, 424.92239423808434, 383.8603741929832, 399.1716359047158, 376.9007097785593, 464.9404646210219, 536.6455603212439, 428.30518434719096, 413.94187692638843, 456.621418976773, 464.82902321723157, 391.78134547715035, 457.8525596128418, 143.79387868229895, 192.39873502206711, 203.7021899848039, 222.91806342145642, 162.25618845476902, 274.5371744179544, 299.40477533597533, 268.27684835269656, 279.36431373015813, 200.95058145269678, 135.13651585515177, 617.2156390132315, 484.2683445709348, 288.4162380984893, 208.6656835620337, 249.49491483189377, 313.9822053422335, 345.27189659577107, 385.71954626497825, 224.52584351366912, 605.5919310356294, 824.7813158294565, 996.2516646563964, 993.1990118511733, 912.7969865793151, 957.8308151091995, 927.1410949258709, 987.0761983935253, 975.6191508368149, 984.1195409595355, 1000.381156846479, 339.7151866031008, 319.75774892367, 390.2567495575035, 301.09624875589054, 384.10068369933487, 683.2285258832594, 241.43937689181698, 112.33472548279897, 743.3177472125284, 835.2781237501193, 872.4715303345131, 856.4451031070914], "x": [124.87151527373338, 133.47169863482264, 152.39210202921902, 184.72879146691469, 180.60070345359182, 308.9154392010437, 270.3866177433638, 263.50647105449235, 174.75257876805114, 112.48725123376484, 316.1395932243587, 249.35209251592158, 219.1789190852084, 213.52144906694969, 234.265505800565, 270.0961492495369, 329.31100210731154, 388.1486902972022, 296.8748406692948, 505.66005636777925, 572.0513995820484, 591.5562009783308, 571.6763072475045, 473.7772079315483, 423.8899274372105, 473.4021155970044, 550.2960441785025, 840.0988687159343, 572.0126457849262, 806.4482268475657, 736.5940146221207, 667.069303397739, 670.3643134083732, 694.7473874870662, 660.1497823754072, 773.4981267412237, 884.0804029951773, 900.3813770477865, 971.9639152788095, 957.080417230775, 985.4299373222692, 1013.7794574137635, 995.7066383554359, 1062.3280105704473, 1088.196947653936, 1065.1629625795968, 1048.1532505247003, 1075.4396636127635, 954.1255436018538, 996.6912704058956, 920.0729621586204, 919.4181048231735, 835.2689372182601, 794.0129250851119, 907.6306727851312, 971.4792629911939, 989.8152683837043, 1025.5049931655547, 1197.0975540513575, 1181.9032060023198, 1168.1698529579971, 1155.6052959174467, 923.6860027976918, 877.0667919805679, 1022.9093231179218, 1016.6094297642563, 977.550090971531, 1212.0346448859418, 1233.810723622888, 397.9083392291112, 400.87177590534196, 434.0083860122859, 462.5651394377823, 443.70690604358657, 461.48752610097114, 384.97697918737697, 344.29707572275476, 575.1706625962861, 595.1065093272931, 666.4154995574332, 710.1210096984869, 758.0437181864843, 728.523329757878, 791.0145416262266, 237.7277857702148, 217.09770737030067, 218.59807670847624, 307.49495999537896, 353.2562248097339, 259.4831411737606, 400.1427666277206, 107.20460299823027, 144.62058145231865, 151.72997540022052, 1178.8773393988245, 149.34050074912705, 1117.3440581147952, 420.9690137534978, 463.9657858922641, 487.56551796842905, 537.3512541291059, 488.53536997155913, 528.2993020998919, 785.985301281382, 916.7485358669871, 230.54266260982894, 882.9601587107392, 996.0473890757129, 1195.649596064822, 1233.1256721857708, 1217.2267308011258, 71.03584029010032, 160.41557724522804, 185.61515065988962, 274.9948876150173, 1049.0525724258061, 1080.1064875260286, 1062.3942544688648, 1045.1420794131857, 38.35387280921185, 30.205759505749022, 530.7186359198744, 863.6288230239807, 1197.7668012026209, 1154.5172936563772, 1074.4091760645058, 1188.9387504341346]}