{"y": [388.4562182126196, 377.14796348132114, 437.85543624934445, 448.27093402817195, 438.4506075509917, 475.0536426022999, 442.6063915397259, 455.4601717478826, 456.6961121525131, 487.84181034920056, 500.94277863828336, 415.91007879970806, 208.50613695827943, 284.1528893745058, 262.1291513292753, 312.2411349974084, 238.8286748466402, 218.72004445751676, 180.737075944728, 156.4790456340394, 252.8727976580915, 192.8660911000723, 296.9202737485524, 166.3624226842878, 243.0387254569927, 237.5968179365155, 271.46158502338994, 312.494806457121, 313.4383254150419, 298.0766661334117, 313.0231454344573, 266.9381675895668, 249.9157883855982, 339.1794842112871, 311.36242551211893, 348.72862376473284, 661.9029567123357, 581.1948483478266, 603.7081627863475, 569.725801369712, 528.9469676697496, 461.8318038718946, 586.2922025603218, 539.5664556124482, 313.89543628393227, 318.9687916536192, 394.34435714611107, 405.2158329382974, 231.26360710441216, 723.018691923404, 759.8977136670082, 731.5526804260562, 737.9531718030454, 701.6837206667734, 740.3914542323746, 480.3799830390152, 611.0176838663139, 649.0630493704043, 379.0983314489426, 290.71539315432045, 850.5726855835036, 827.1138167383334, 826.9098265744623, 1002.2163107406606, 591.0038119940008, 582.4434247642594, 558.1718781131228, 565.7473454515526, 537.8702896453636, 491.9365045101658, 480.5322544076339, 468.177650129891, 470.71192793045367, 470.71192793045367, 501.756830987346, 897.6278995550806, 885.8780661161084, 873.7610503821683, 678.9567995358898, 708.7537627667475, 749.9165779516437, 637.4867991630466, 663.9047253264874, 766.6513586208798, 749.9889620590367, 754.3903498300896, 866.3179074249551, 855.4464316327688, 875.7398531115166, 886.2489463772968, 917.0514611218247, 936.2577350213538, 963.4364245018197, 902.9185425919825, 997.3809127446482, 1009.5243272056775], "x": [746.4367824739655, 773.5636258948471, 767.8191178763075, 726.0118650747136, 822.7110833867972, 910.1552610023448, 1040.8033346177297, 1086.9251854332483, 1115.5296025255652, 1126.3948462272979, 1095.7947721285404, 1096.9034704654518, 1092.3202750809498, 1119.1694258342686, 1064.8162669921844, 1024.5425408622064, 986.8882440740156, 1022.9053975235894, 1016.3568241691214, 1000.6402481183983, 932.8625138996548, 910.2699358267403, 991.4722454221431, 880.8610679981235, 879.6342466608309, 1214.0895077754167, 1173.0075716428303, 1183.5225910100994, 473.4135401187494, 439.59306000959833, 360.96044375582215, 315.7255516098326, 359.2694197503646, 276.40924348294453, 287.823655519783, 300.50633556071466, 616.2743667034504, 609.875001349464, 639.072105777027, 641.4718677847719, 560.6798801906933, 580.2779365872767, 498.68602832394987, 680.6679805779388, 579.1985126149821, 660.798710211669, 607.4154033727149, 511.7067603971615, 591.4932975537605, 337.67042660257255, 363.31555168533873, 453.5863919766757, 426.9154618905989, 282.6188914249011, 298.68983647676794, 968.1249782895828, 971.8759016350217, 1045.7690915401688, 187.79357376857425, 201.63883281325795, 646.5483250507486, 657.4280750858616, 732.5501586616413, 937.5336560172794, 337.9532542526044, 265.21435401784936, 818.3180017556655, 137.9552924981698, 126.19894546022776, 130.37055247369108, 146.2985065250964, 133.40444848348255, 218.35353675764432, 95.48074836108893, 97.3769333672086, 1222.4686638337091, 1020.5405031820133, 1081.3510527116046, 1181.2092526640715, 1149.8755725629464, 1129.508680497215, 1166.8479826177224, 1094.5194043842916, 108.82684789938055, 153.29083204288207, 61.5838647469102, 574.5370261237313, 551.0616340479676, 548.8608160408647, 590.309555174635, 588.4755401687158, 677.2418664551973, 498.9756078798669, 483.56988183014704, 600.8760020917425, 547.7123625868306]}