{"y": [721.5577058272028, 670.4497701825228, 659.467899713418, 628.2118068398121, 712.6877335252335, 737.1857522640057, 770.13136367132, 708.0415575575353, 740.9871689648496, 702.97300195641, 673.4064276165126, 674.2511868833668, 702.5506223229829, 803.4993547120614, 732.9619559297346, 866.9958146785932, 525.1440902971497, 502.50838176030607, 510.6823876208329, 461.9527372984613, 453.1499617563554, 388.3866845537196, 381.7846028971402, 315.07819663564516, 339.07943932828437, 440.01617229595877, 385.13022936853946, 399.6447294990346, 352.6453957431456, 314.97681207114636, 246.20572811951467, 227.88981128817557, 270.05097833389954, 357.48356245331064, 396.18889613463097, 258.81983365399026, 296.1644329480767, 337.2024541503695, 383.16503789693735, 374.9574336564788, 323.2495269415899, 306.01355803662693, 228.86207817631654, 222.29599478394968, 230.91397923643117, 257.58869301792146, 279.3388442551367, 297.3955735841455, 272.3623806507469, 331.4571311820485, 556.1685703153756, 532.7912975357539, 576.7955757091597, 598.7977147958626, 444.78274118894217, 487.411885669429, 509.8724026537716, 526.8323848664385, 608.8820285439348, 638.6765918905116, 661.1371088748542, 646.9273940480252, 458.8021107994279, 493.61003240867086, 517.5992756799059, 558.5221024367186, 579.6890817936905, 646.4826610979136, 670.4719043691485, 617.7896446362403, 600.3856838316188, 670.4719043691485, 694.4611476403835, 584.8632323031726, 612.1451168077144, 458.6082568655516, 443.79137131567114, 537.9844294541969, 783.1376129924666, 767.3463744245669, 774.0660504109072, 681.6705055987276, 686.9326327254715, 196.37930870920425, 242.14593334996692, 287.5893124443787], "x": [1179.6348506592547, 1203.6884237368845, 1094.766583385354, 1078.4283073326242, 1075.2514203223714, 1099.304993400001, 1102.0280394087893, 1029.4134791744355, 1008.5367931070588, 984.483220029429, 984.9370610308938, 912.3225007965402, 927.2992538448757, 957.2527599415464, 976.3140820030643, 1010.5466096244909, 1215.7580545158937, 1227.1833786829757, 1176.5855145144697, 1161.196302371053, 1142.5427118941843, 1184.5132904671389, 1236.2770040404491, 1148.6219280175185, 1042.1951770073738, 1062.1310237383807, 212.20160413400967, 227.20944218244543, 211.61306146544356, 203.66773543980108, 196.89949475129083, 164.82391931443792, 94.78734175507093, 137.75095656039687, 126.5686458576408, 558.5931188748664, 553.8516201928971, 506.86767870792943, 456.435374545166, 401.26157170043336, 403.8478437087802, 438.7625158214626, 454.2801478715436, 411.6066597338207, 381.86453163783204, 387.0370756545257, 392.64066500594384, 374.536760947516, 340.915224839007, 311.6041420777427, 399.453210104377, 336.350659900722, 309.00622147913816, 328.35767020825904, 333.40587422455144, 279.1376810494081, 180.27701906368202, 174.80813137936525, 253.4759772999218, 210.14555949341204, 229.91769189055725, 451.61798493939835, 588.6549145073686, 592.9860911880136, 565.6996780999503, 557.9035600747894, 492.93590986511504, 486.8722625122121, 522.8210289615653, 647.9920350322045, 656.2212707254299, 634.1322696541406, 594.7185618602715, 635.8647403263986, 524.9866173018877, 814.4594434352495, 874.2172476281098, 822.8523934623366, 859.6782388863323, 847.9529768484906, 758.7265925605244, 795.0463066777414, 293.00379383372217, 596.9530777352708, 930.1649602850833, 1261.226181303261]}