{"y": [926.6068924617327, 879.6075587058438, 812.7947803273742, 846.8923361894897, 842.7453361522054, 872.6958919770366, 900.8033366741859, 888.3623365623329, 860.2548918651836, 836.2944472053186, 908.1757811849136, 865.323447466309, 831.2258916041934, 758.4230020607575, 724.325446198642, 693.9141125918903, 663.9635567670591, 726.6293351082444, 745.9820019489046, 698.0611126291747, 767.1777799172467, 756.5798909330756, 650.8809280233558, 627.9500337199694, 601.7432973732421, 571.7927415484108, 581.6202676784335, 624.6741916766284, 639.649469589044, 587.2359968955894, 455.7343377271898, 491.3006227691769, 597.5315004603751, 917.1795394187191, 900.0083673893387, 812.6261808398251, 779.0469999823703, 893.5214801782395, 844.6790352946686, 715.0844096599806, 623.3320338350649, 673.8735967894676, 675.4287218034492, 621.7769088210833, 640.0496277353674, 687.4809406618068, 780.3996602472087, 733.74590982776, 641.6047527493489, 622.1656900745787, 554.949203818605, 506.2939499089394, 510.75773467129403, 558.5202316284888, 575.9289922016719, 586.1956971550876, 535.3085508642446, 511.650491623765, 476.8329704773987, 429.07047352020396, 432.19512285385224, 475.4938350486923, 516.1142763861196, 393.36019542136677, 341.5802921780528, 395.5920878025441, 402.28776494607604, 345.1513199879365, 437.5516645686778, 487.54605390704984, 378.04662200469517, 364.01689849892887, 406.4852507325998, 357.19162760423177, 362.50017163344063, 291.214008955493, 249.50402015456618, 316.6191839524211, 311.6116253124489, 280.40832989302135, 439.2614702101069, 494.5764029990921, 511.59638231877983, 484.1753045259496, 868.1226016550476, 813.1316532439754, 695.3525323933951, 938.6480364634798, 903.6193255004, 768.2274539127656, 673.5722088805774, 633.8301251899359, 532.2639871221029, 510.5930320661553, 441.9683410556546, 451.25589322248925, 502.33743014008, 521.9444847145088, 556.514817779949, 385.2110778138871, 413.58970943477084, 337.2253916185746, 339.8052672204731, 383.1471773323683, 348.0608691465484, 326.38991409060077, 346.5129437854093, 427.6163226412928, 352.9175245159966, 233.78503503629682, 286.65928551167195, 286.98541871175274, 258.8347760975484, 239.95728634449372, 316.46079744897844, 308.18119668009484, 897.1194791485481, 888.4083491874165, 793.530859988728, 618.0044999012109, 631.4125859986772, 590.5329571589195, 516.3885323024965], "x": [949.0306542184369, 954.2778022353714, 935.9127841761008, 931.9774231634, 855.0192522483611, 841.901382206025, 872.5097456381427, 787.6808526977022, 777.1865566638332, 782.4337046807677, 806.9203954264618, 724.7150764944886, 699.3538610793054, 725.5896011639777, 705.9127961004734, 722.5287648207659, 705.0382714309843, 754.0116529223727, 771.9394086468988, 819.6010031340535, 905.7416830787276, 978.327230646321, 815.9541056984452, 795.2639296316705, 790.489273616261, 797.6512576393753, 762.2392255250877, 739.1617214506082, 733.1934014313463, 714.8905533722763, 741.549049458313, 676.6933052489998, 651.6263611680996, 1201.186273928994, 1176.318273848736, 1155.4291537813192, 1189.912780559277, 1060.2676068075314, 1055.29400679148, 1170.1203630999125, 1157.5723847260822, 1119.211422268944, 1077.2653231335687, 1070.8120771127417, 1034.6021966625458, 1036.3947650016644, 1057.547071403264, 1017.3935406070071, 961.8239220943303, 995.1656932019365, 506.5414410247477, 502.77808367926866, 477.37542159728497, 445.85730382889784, 399.28575667859445, 357.41840621013984, 377.6464519420898, 351.3029505237364, 322.13693109627366, 326.3707081099376, 297.67510835065974, 246.39936451850753, 260.9823742322389, 289.67797399151675, 389.4069436467119, 498.5443066656047, 526.7694867566977, 532.8849424431012, 464.67409055629315, 431.27429411516647, 753.7615895530557, 642.2534771931782, 611.0752220925547, 598.970723053489, 571.8273009658873, 611.4420250937385, 648.489128213303, 669.0300962795963, 268.8786733969342, 307.91521652291937, 90.85487782238636, 105.01098686807329, 171.072829081279, 175.36255909512352, 378.46236097168025, 273.7473573003934, 246.72413054651287, 574.1024761373842, 490.3802092005152, 588.3352615166519, 1244.6824204477848, 1270.2660555147274, 911.2257236007649, 1150.467638388511, 1198.420266189105, 1225.5239253807451, 1238.0333065461175, 1221.8753558741782, 1205.717405202239, 1252.627584572385, 1272.4341047508915, 1247.9365666353706, 1213.0145442153728, 1199.4627146195528, 1164.0194679843312, 1149.9464141732872, 1058.7321765091137, 1063.4834040138433, 1012.4024595156529, 442.92159150453267, 473.69988627053215, 1249.564571949712, 1201.299928460611, 1122.3854748725919, 1127.6699248896468, 1080.1098747361532, 519.0384331555647, 545.0203270783663, 12.63046412086143, 426.79211789782005, 628.4167751877576, 622.5686505022169, 575.4396456834478]}