{"y": [702.9180574377913, 781.9366472685919, 797.1927116418652, 823.4018478728733, 835.1372820061606, 861.7375993749449, 879.731931712652, 859.3905125482875, 832.0078329039507, 815.5782251173486, 761.5952281042273, 756.11869217536, 769.4188508597522, 792.4985379885504, 825.3577535617545, 817.1429496684535, 788.586726610788, 756.11869217536, 730.6919182199043, 727.9536502554706, 894.9879960859254, 874.6465769215608, 887.9467356059531, 823.4018478728733, 618.1168582529749, 604.2935247953604, 605.6758581411219, 894.1381112849679, 913.3131866888461, 351.213295851747, 376.0952960754529, 369.18362934664566, 290.3906286382436, 398.6734073895564, 495.8975193747777, 518.9364084708017, 470.5547413691513, 335.54685126645063, 314.81185108002904, 373.33062938393, 388.5362961873058, 419.408407575978, 262.74396172301476, 293.15529532976643, 705.1232062842869, 696.6756136157447, 768.480151298353, 720.4824656816363, 695.5236691609435, 698.9795025253472, 714.7227434076302, 381.4773916362317, 397.10543807303463, 386.12356760392987, 359.51365069802216, 344.30798389464627, 323.18900222329097, 307.9833354199151, 315.58616882160305, 366.27172483285585, 404.28589184129544, 490.87371669385243, 512.4150779986348, 474.40091099019526, 486.64992035958136, 283.90769631457, 647.2095122806044, 696.1983501053063, 274.85731698892647, 162.09635416957394, 143.49965087737704, 148.80465454995337, 169.92363622130873, 873.1380340364525, 889.8604277053166, 862.8473302402284, 912.0497577659247, 657.3543437160645, 628.5269337346645, 692.7022392884954, 734.2274369997979, 681.7203688193907, 585.0657313280069, 583.1506236718999, 480.2819838581527, 520.2256578283843, 989.2615976948805, 663.0599733834989, 989.8885015576132], "x": [931.4815000967883, 928.4310254202767, 858.2701078605083, 859.0327265296362, 844.1616624816419, 860.9392732024561, 867.4215318900433, 926.9057880820209, 917.3730547179218, 903.2646093390555, 885.3430706145493, 812.5129877128334, 791.5409743118156, 802.9802543487343, 804.8868010215541, 749.9782568443441, 769.4250329071059, 761.4175368812628, 766.7558675651583, 793.4475209846354, 796.4979956611471, 796.1166863265831, 841.1111878051302, 949.7843481558583, 909.5789131503261, 937.9823139086609, 1042.3408762454642, 179.04251153765395, 40.37854309013467, 868.3489467208548, 903.9557781691044, 841.2676946334536, 721.4080789132896, 796.6337791560704, 726.9246302644268, 859.8233673600063, 943.5746469636356, 948.0881889782024, 966.1423570364698, 956.1122636707657, 944.0761516319208, 958.1182823439066, 821.2075079020454, 843.2737133065945, 1176.1401827023278, 1230.775178878655, 1188.7482587430188, 1144.7816346011225, 1096.9356024467058, 1049.4128542933327, 1051.0292742985494, 1052.7045544395355, 1073.448611173151, 1089.4055778913166, 1077.9165618542372, 1075.3634471793307, 1072.491193170061, 1115.255863974745, 1093.8735285724028, 1210.9976642837387, 1182.594263525404, 1086.8524632164101, 1071.8529145013342, 1069.299799826428, 1181.636845522314, 1168.2329934790548, 540.0826027521989, 656.8026334622305, 1075.277812848437, 1082.1911168707488, 1093.4252359070053, 1228.0324947161473, 1228.5609397178528, 1095.3115449495517, 1201.995265293859, 1011.9042726803659, 1025.482200724187, 189.9190046423873, 202.93325801772238, 169.42155557623454, 153.80445152583246, 328.19544675532256, 66.21421241861266, 98.47629785606753, 26.06068162235588, 94.06637250850176, 83.88077451986942, 787.8381921780276, 1134.3036141122177]}