{"y": [960.5809509584112, 934.4870091728832, 909.3362219097237, 857.1483383386676, 856.833953497878, 919.0821519741979, 926.9417729939354, 866.894268403142, 938.8883969439361, 954.2932541426213, 999.8790560570981, 1006.166752872888, 937.9452424215676, 827.5961633044551, 882.9278952834061, 955.2364086649899, 522.4870563063489, 550.0473273874676, 553.3879663063911, 565.9153622523542, 514.5530388739056, 489.0806671171141, 611.4315675226866, 668.6400090092512, 701.2112384687551, 693.6948009011774, 484.0697087387289, 601.4477887707034, 611.6232981214473, 463.0608616005858, 435.5869863535772, 443.72739383417235, 507.8331027438591, 453.9029031849163, 622.3075829397285, 610.0969717188358, 658.4306411348695, 682.8518635766549, 655.3779883296463, 710.8345142912008, 729.1504311225399, 834.2631516946011, 824.3996273003659, 792.8363492388129, 777.383494354511, 781.5528491732531, 878.9870875499024, 792.639251125429, 786.2555589384058, 978.975771602303, 941.2495907075636, 926.274312795148, 953.057021369276, 891.4279930374117, 918.8267509103844, 951.0979948347839, 974.1014765560724, 557.6305252125189, 576.2416278104009, 597.8981835606635, 490.2921721765463, 625.3072619320895, 316.17104511184925, 316.6270231252081, 594.3416698946774, 550.6061787607251, 456.3134070708766, 485.2992094148118, 482.4481468891789, 502.40558456860964, 306.7441511287317, 993.6374116990658, 1008.1462871007777], "x": [754.9359917598691, 775.9743198277675, 771.591334813622, 778.8963098371978, 760.4877727777867, 740.0338427117745, 724.8394946627368, 699.4181815806929, 697.6649875750347, 693.2820025608892, 685.1004305344843, 644.1925704024596, 660.2635154543265, 665.230898470358, 598.3173272544035, 614.9726703081564, 544.8018289734131, 511.2466075317848, 492.6453434717517, 463.10215937640504, 462.0079673728737, 455.0780846838418, 502.85780217137767, 430.2763992704643, 429.18220726693295, 528.7536795882864, 388.33237246842896, 783.0580840817797, 736.5259112649368, 684.0171290954718, 678.0405197428497, 740.3680172773367, 645.1691683034285, 626.8124395775179, 644.3153669673396, 659.2568903488948, 687.4323344398272, 642.6077642951619, 635.777353606451, 651.572678324095, 648.584373647784, 985.4427758219445, 1021.5884139385996, 1000.0278578690159, 1132.5618642967515, 747.1888188229807, 492.3676734450378, 485.7527854236891, 408.11488917312323, 399.51136761492035, 403.3990649608007, 423.948322360454, 427.00294170364566, 333.6982054025172, 210.00101386348996, 188.66634212796853, 48.77748573251618, 129.30507621293833, 101.83837012429323, 80.2156440545088, 67.94328601490142, 210.24419947415845, 182.8628239622251, 152.6482038647115, 911.5046020284383, 986.7095789378188, 188.0691730430131, 187.0744530398028, 229.2505811759206, 190.05861304943375, 217.18946402705024, 146.36785253602167, 143.03139585858705]}