{"y": [837.5950470898129, 784.7207966144377, 792.554018907086, 910.0523532968084, 749.9608726908116, 992.8032269223239, 917.1009021857194, 799.784434026654, 785.61791711688, 840.5131701422541, 805.9822851746801, 837.4142445682411, 799.3417303732235, 841.398577449115, 882.1273135647151, 918.8717167994412, 949.8609725395717, 965.7983040630673, 982.1783392399935, 968.0118223302195, 984.3918575071457, 1000.3291890306414, 1014.4957059404153, 949.4182688861413, 925.0695679474672, 891.4240902867542, 869.2889076152325, 840.5131701422541, 826.7893568859106, 828.1174678462019, 885.2262391387281, 925.9549752543281, 939.2360848572412, 957.8296383013195, 906.9187181568194, 942.3350104312543, 951.1890834998629, 739.1340335066844, 635.5413786039626, 209.21776035045002, 245.5194599317463, 259.24327318809003, 297.31578738310805, 287.1336033542079, 373.9035194265745, 387.1846290294878, 491.6626912390721, 467.75669395382823, 585.0731621128955, 550.542277145321, 654.1349320480446, 645.7235626328661, 610.3072703584307, 525.3081688997859, 497.417838733668, 563.380683094804, 543.0163150370037, 568.6931269359693, 510.6989483365814, 553.6412027193344, 566.9223123222476, 554.5266100261953, 550.9849807987517, 539.0319821561297, 724.5248129434864, 680.6971512538723, 587.2866803800486, 774.550325781128, 686.0095950950388, 700.1761120048131, 987.6239582117586, 970.8847653529286, 984.9240883958182, 211.33439882551676, 237.54113517224405, 268.7396308231099], "x": [210.99982863497374, 267.92060848534464, 305.0837622719505, 227.46451702144466, 121.14967201166093, 236.43794793059277, 517.0981968363861, 441.3026049250993, 465.9903120047756, 359.8764833289741, 338.65371759381384, 335.62189391736234, 368.538836690264, 520.5631381809021, 544.8177275925138, 553.0469632857393, 536.5884918992884, 524.8943148615471, 533.9897858909014, 550.8813749454167, 567.3398463318676, 575.569082025093, 597.6580830963823, 598.9574361005758, 587.2632590628344, 585.5307883905764, 591.1613180754149, 592.4606710796083, 582.0658470460604, 622.7789078441231, 630.575025869284, 633.173731877671, 648.3328502599284, 629.2756728650905, 623.645143180252, 680.8166753647655, 1132.991520824098, 1272.0222922727999, 1171.5389932818373, 197.02424013672953, 151.11376732189333, 130.75723692286218, 137.68711961189408, 261.55877267833887, 43.26746797383475, 186.19629843511723, 59.29282169222097, 54.52852734351155, 37.63693828899633, 48.897997658673134, 36.337585284802856, 127.29229557834624, 135.08841360350712, 266.7561846951128, 278.0172440647896, 270.65424370769324, 368.971954358333, 372.00377803478443, 420.5129568580076, 407.51942681607284, 416.6148978454272, 455.5954879712315, 490.24490141639086, 554.3463162899358, 702.039441099928, 658.7276742934787, 779.5675036834723, 566.9067286638058, 152.41312032608565, 170.17094471672985, 1194.6616969651684, 1205.106256998877, 1260.872747178856, 450.23406279933226, 358.75297983742274, 321.2354570496733]}