{"y": [385.31022215437497, 350.9510789056484, 325.5987013628986, 293.9082294344615, 239.53405128356403, 219.18543246635699, 222.18768770168262, 237.8661317083831, 243.53705826399818, 326.93303702304337, 364.96160333716796, 324.9315335328263, 229.86011774751478, 259.88267010077107, 333.2711314087307, 739.2427560077624, 766.5966370407291, 450.4589784259831, 492.08017150851896, 501.89329833285666, 519.489249879945, 568.2165003180357, 575.3225576735906, 509.67612305560726, 473.13068522703924, 471.10038312545214, 448.7670600079939, 488.3579509889426, 555.0195366577194, 541.8225729974032, 507.984204637618, 470.42361575825646, 590.8882071190918, 557.0498387593063, 695.7871490344241, 877.4991871264682, 885.2820118492186, 932.3173438693195, 968.5243980142892, 911.3375554862529, 951.6052138343972, 965.478944861909, 971.2314674830724, 928.2567396661458, 897.4638244587418, 947.2062259476252, 976.30722273704, 1018.9435668703687, 983.7516637761926, 892.049685521176, 918.1052291582102, 903.5547307635028, 1004.3930684756612, 1000.6708479560848, 997.9637784873021, 849.0749577042492, 936.3779480724938, 972.9233859010614, 846.7062719190639, 943.8223891116465, 847.0446556026618, 868.0244439857285, 871.4082808217069, 884.2668607984251, 683.9437201084988, 609.8376934005701, 644.6912128111484, 659.5800948894538, 652.4740375338989, 696.1255327180213, 636.5700044047999, 646.7215149127354, 741.1305626365352, 739.1002605349481, 695.4487653508256, 903.6289341191167, 926.6678232151407, 844.3037946968549, 828.1765723296381, 812.493433725086, 713.3134160509835, 692.6696114672336, 676.0648121281305, 667.0892449178044, 755.0498035789994, 775.6936081627493, 732.6108855531844, 746.0742363686735, 759.0888088236462, 771.6546029181026, 822.3665576564447, 815.1861038881839, 653.6258941023154, 913.7807170748526, 800.9817094102835, 655.4538922868479, 1008.2683352288441, 977.8037371982431, 684.8091716393218, 831.1637146218144, 824.4878672838349, 792.6654017199518, 819.9952839101102, 841.7094368831129, 828.6060687097491, 928.0338290278812], "x": [175.09831692582398, 183.80211695391432, 190.7651569763866, 138.54235680784453, 153.62894352320112, 161.46236354848241, 194.24667698762275, 193.6664236524167, 204.69123702133115, 88.0603166449205, 94.15297666458375, 60.20815655503139, 89.80107665053858, 104.01728336308614, 573.1521048771564, 1189.3811468659524, 1220.7148269670777, 90.99239795895896, 207.85541966945198, 237.14992376399607, 172.2610222212425, 123.12185406265246, 350.8629987976565, 325.3484307153116, 300.14885730065004, 342.67313743789146, 359.36785482510476, 450.4013137855697, 437.48653241055564, 478.4358392093807, 478.4358392093807, 483.7907485599963, 500.8004606148928, 603.8037169473221, 1239.1479616644772, 1181.1889428107554, 1246.392839021192, 1156.3043640637773, 1221.5082602742139, 1040.3863263563344, 697.9871225846208, 536.709852730786, 514.6602259929571, 520.330130011256, 519.0701513405229, 549.6246341058002, 497.0205246026939, 482.84576455694673, 469.61598851424935, 471.1909618526657, 379.84250822451713, 346.7680681177737, 345.8230841147238, 321.88348937079525, 281.24917723965336, 258.2545664987746, 236.20493976094554, 199.0355689743196, 56.9729738491646, 10.668757699723837, 180.13588891332336, 147.06144880657996, 133.20168342851608, 119.65691271813543, 230.53503574264664, 180.76587824868992, 328.81337205982703, 143.59650746206398, 191.16070228223785, 142.96651812669742, 477.17586053864744, 484.42073789536266, 545.529703425917, 530.40995937712, 593.408892913774, 776.1004349213143, 846.5203941485852, 799.476354996757, 836.2934291155791, 158.8504802498408, 415.48824107810464, 415.93379274620924, 394.1017610090826, 343.75442251326007, 264.44622559063686, 207.86116374134951, 163.7515485989917, 150.38499855585295, 329.4967691339121, 333.5067341468537, 280.48608564240334, 345.9821808537832, 289.8426706726005, 477.3530645811809, 1015.3933307029381, 1196.3823854788081, 1116.6037984222917, 648.8624636685688, 34.50260627200706, 36.98733394669285, 461.41941407955176, 562.1348144045971, 543.1107943431997, 536.0234143203261, 420.014193945922, 1016.6456221730546]}