{"y": [379.7613870177407], "x": [171.1084833684957]}