{"y": [29.39484971718008, 32.62900236918529], "x": [121.58018148170328, 276.06131355717497]}