{"y": [378.46772924688884, 371.9994239428785], "x": [120.4009361986844, 278.4198041232127]}