{"y": [326.5056799279559, 325.4276290439542, 328.66178169595935, 329.7398325799611, 328.66178169595935, 326.5056799279559, 316.8032219719404, 327.5837308119576], "x": [27.240558840193838, 74.41037016094856, 123.93867204774102, 180.54244563264666, 224.17452110434476, 281.95753997226933, 327.9481060100052, 384.5518795949108]}