{"y": [368.7652712908733, 370.9213730588767], "x": [75.58961544396743, 324.41037016094856]}