{"y": [28.101191946328242], "x": [228.89150223642025]}