{"y": [374.37113259773207, 378.683336133739], "x": [72.05187959491083, 320.87263431189194]}