{"y": [28.31679883317838, 34.78510413718874, 26.16069706517493, 128.57553104533883, 128.57553104533883, 169.54146463740435, 228.83426325749923, 266.56604419755956, 226.67816148949578, 181.40002436142333, 181.40002436142333, 140.4340907693578, 76.82908861325598, 125.34137839333363, 172.77561728940952, 174.93171905741298, 182.47807524542506, 223.4440088374906, 223.4440088374906, 224.52205972149233, 270.87824773356647, 274.1124003855717, 326.9368937016562, 373.2930817137303, 373.2930817137303, 375.44918348173377, 274.1124003855717, 225.60011060549405, 132.88773458134574, 277.3465530375768, 226.67816148949578, 173.85366817341125], "x": [77.94810601000516, 322.0518795949108, 371.5801814817033, 31.95753997226931, 69.69338902887309, 83.84433242509951, 74.41037016094856, 77.94810601000516, 184.08018148170328, 181.72169091566553, 120.4009361986844, 177.00470978359004, 224.17452110434476, 378.65565317981645, 372.75942676472215, 317.3348984628353, 270.1650871420806, 271.3443324250995, 322.0518795949108, 384.5518795949108, 227.71225695340138, 175.8254645005712, 221.81603053830705, 312.6179173307599, 369.22169091566553, 72.05187959491083, 26.06131355717497, 22.523577708118367, 225.35376638736363, 375.1179173307599, 120.4009361986844, 21.3443324250995]}