{"y": [380.83943790174243, 378.683336133739], "x": [272.52357770811835, 121.58018148170328]}