{"y": [373.0774748268802], "x": [225.35376638736363]}