{"y": [31.33532814858239], "x": [175.8254645005712]}