{"y": [29.39484971718008], "x": [182.9009361986844]}