{"y": [121.02917485732672, 127.49748016133708], "x": [131.01414374585423, 278.4198041232127]}