{"y": [378.4677127971378, 375.2335601451326], "x": [20.16508714208063, 373.938672047741]}