{"y": [378.683336133739, 278.4246039215785], "x": [18.98584185906176, 319.69338902887307]}