{"y": [740.7748600614718, 702.6742972189221, 688.159797088427, 659.1307968274367, 705.849344122468, 652.7807030203452, 610.5979370160937, 588.3726086912731, 545.2826864288656, 594.7227024983647, 501.73918603738025, 908.3632598402596, 867.5652270660504, 829.3782683893907, 816.975666426031, 801.961990365122, 823.8297359320982, 766.7124900482053, 740.8661581982622, 744.2355957285557, 698.5609980956881, 702.6791995216024, 681.7138104442205, 640.1574142372672, 639.034268393836, 604.2167472474697, 578.7587747963631, 608.334948673384, 630.7978655420075, 857.1981309572662, 813.376243989204, 837.2790914263289, 814.969767151679, 778.7171152053729, 745.253128793398, 782.7009231115603, 734.098466656073, 712.9842847532794, 698.6425762910044, 764.7737875337167, 732.9033242842168, 763.1457443560624, 733.5983690904117, 689.094914986592, 665.0192758812468, 612.8342046745825, 611.8694511936864, 586.7858606903902, 562.9886081616221, 472.30178095739757, 643.3262361480049, 605.4200639322029, 612.2237358683725, 580.1492824550016, 603.4761576647259, 491.73174123904164, 488.3407047502206, 461.9659765038348, 432.95377543281035, 466.11057665683825, 434.8376845932665, 382.08822810049486, 351.5688997011055, 352.9338567362916, 338.7265417937435, 313.76774527305076, 363.68533831443614, 362.1494123747012, 323.3672823963941, 337.5745973389423, 392.86793116939987, 412.06700541608654, 480.7996912192248, 468.5122837013453, 493.47108022203804, 432.4180241175744, 399.77959789820704, 251.99615262403827, 236.7904858206624, 269.3866632959569, 216.30122300386822, 254.26739232669112, 315.4164438023882, 225.03680178611066, 269.11620641514577, 213.7004784863655, 372.1160263293478, 328.61572385491746, 486.61210548374464, 519.0321422335559, 483.7394439995841, 519.8529026576018, 449.2675061896582, 432.8522977087411, 406.9983443512966, 356.1111980604536, 342.56865106369696, 365.96032314900384, 328.2053436428945, 326.97420300682575, 425.52389716802287, 331.8516139184386, 271.6337175437058, 319.65060223466924, 256.32731360555044, 263.75255557045654, 291.7064076736323, 329.7061753763869, 371.78137371584273, 422.58692394113734, 389.87650119334495, 314.7121255175666, 321.3238067112693, 277.4779209003986, 248.5953135805393, 812.1105007247508, 766.1767155895529, 1014.885763606363, 900.4688806332338, 279.9071404854759], "x": [270.8676476848882, 247.73419061022807, 196.53719544499666, 177.19610838257591, 162.78510233606633, 279.59009871303874, 257.21511564082647, 167.33594635075355, 237.87402857840573, 79.73219906802424, 140.789356265078, 608.0390397997255, 581.969086382255, 499.46535144931863, 462.9674166648598, 500.07876211796497, 564.7935876601567, 538.7236342426861, 387.2978465642927, 421.32970467412594, 398.64179926757043, 506.0757042809655, 503.74018460676126, 506.74299561645245, 478.04946819051463, 490.72800356476625, 485.0560272131274, 580.4786881877578, 400.9773189417747, 1041.1796993300343, 1022.6986306037224, 984.6049991474471, 975.9302117861171, 943.8712150159843, 946.5113676911717, 893.7083141874236, 909.1720655706641, 874.09575145746, 1017.7954899212316, 1036.2765586475434, 1117.366962242585, 810.1262124454039, 761.956896289944, 779.4142323462852, 666.588115982154, 721.6273886104593, 663.7098164235382, 690.1134155087523, 771.0276707698921, 767.9046644264797, 1199.2623215660446, 1183.5333115152814, 1132.628515350993, 1119.1873613076136, 1082.0097011876276, 887.6031463636124, 934.7798148492021, 937.7846981922332, 884.2977746862781, 859.0567546048161, 1010.8033634278912, 988.8677150237635, 1026.4287568116533, 1211.4454685898204, 1199.079855549912, 1186.080108507957, 1148.983269388232, 1112.8376312715768, 1071.618921138549, 1048.790097064872, 1075.7407921518518, 1097.9354822234823, 1070.0335861334327, 1095.7160132163192, 1103.008554239855, 1203.8358605652613, 1154.6904754066513, 803.6329867962437, 918.8547205014396, 1076.759910009694, 1043.685469902951, 1008.0910724547414, 983.5214883754463, 1128.4190355097503, 1222.0322810769705, 1250.3444991683443, 430.1992734717637, 449.3476335335625, 358.1318092391757, 352.2132252200742, 290.242169020071, 305.2127050683864, 251.5972968953499, 232.44893683355113, 293.02738502905993, 322.9684571256907, 263.0863129324291, 249.1602328874846, 234.18969683916922, 210.16720876163987, 802.2526360287372, 928.5820764364486, 919.961169741959, 898.7404763401388, 440.50928615030153, 404.036219365923, 382.5171099631396, 328.53697112225933, 187.26553554323723, 162.55088813014072, 122.0077586659599, 104.23542794193543, 134.5039287062896, 175.88013617315906, 306.95107526283925, 708.6868989310126, 694.2634588844628, 90.64132139199454, 26.88818355018233, 253.32894636251694]}