{"y": [796.7902561453798, 656.3970257164834, 653.5891611079055, 706.0026338013602, 740.1649865390583, 771.0514972334155, 747.6526254952661, 706.4706112361232, 658.7369128902984, 659.2048903250615, 593.2200720234802, 534.7228926781066, 740.4711247071785, 734.7258017388576, 612.8428787680481, 617.7674413123232, 573.0359982018241, 626.3854257648047, 687.9424575682439, 670.296108451258, 524.2007529710958, 719.1313536819863, 382.3952981572746, 346.80021450391746, 393.7995482598065, 426.28438188520033, 438.37979866061295, 454.9677988097502, 468.44554893092425, 419.0271318199528, 387.9246315403204, 433.5416319504479, 328.8298810090187, 331.24896436410125, 390.34371489540285, 403.1302983436962, 666.5382248075591, 719.3884764401258, 538.5619956477074, 454.73118873439205, 517.2937720515015, 535.441696983182, 585.5872790312468, 452.3433038749604, 447.56753415609705, 416.5250309834855, 390.2582975297373, 367.3346028791934, 370.67764168239773, 335.33694576280925, 345.3660621724222, 395.9892211923733, 439.92630260591574, 467.14819000343664, 417.00260795537184, 417.95776189914454, 540.2174667020454, 457.4956485999503, 422.3037455057736, 325.7132029706929, 339.19095309186696, 478.63961959369817, 598.7868127824804, 591.7983497566864, 873.1030748822919, 875.2197728179891, 862.8723681930887, 906.9702418534472, 858.9917553109772, 866.0474150966345, 366.2454678958048, 340.69389995774566, 228.66010207548635, 280.605597334178, 305.034019428806, 634.9023329621881, 608.1196243880602, 557.4556673353349, 833.4047797052276, 839.8412693464293, 744.3666730019373, 781.912862575614, 797.1119358492647, 787.8123842610258, 961.8572256486458], "x": [1174.9722904984753, 1143.1826970625455, 1086.4504995461166, 995.9724259207775, 1037.0543620533638, 891.8003735845762, 880.0626775466943, 924.0790376887512, 905.9834229636833, 948.532571101005, 876.6391828689788, 1069.822096825784, 502.54750794629587, 581.273379200373, 497.06411392859894, 434.78842472761255, 447.3218967680627, 402.2797316226952, 452.4136197844955, 433.2217407225563, 640.807371392511, 632.1906093647015, 931.495837445954, 905.2393740278815, 899.9880813442669, 892.1111423188452, 871.856156253475, 928.4950987696028, 838.4729384790684, 815.217213737347, 800.5886126901352, 778.4581649520455, 812.5915673955398, 758.5782712212192, 733.8221771413223, 706.815529054162, 796.8025559331451, 691.8347275943755, 725.126762701821, 435.8882363416154, 362.6146741051349, 311.4114619398834, 321.5638229726488, 303.4661359142409, 334.8060330153862, 321.5638229726488, 326.86070698974373, 327.7435209925929, 303.4661359142409, 350.69668506667114, 289.3411118686543, 258.001214767509, 255.7941797603861, 243.43478372049782, 220.92302664784413, 159.1260464484027, 373.64984914074944, 1072.7394739836063, 1038.5666972066517, 1074.8532539904284, 1106.2076574249538, 671.0832186063823, 736.6958581564968, 657.130691899711, 481.4763244018613, 452.0243229734756, 442.7236909434591, 462.1000076726602, 569.8323286870184, 593.8589614312278, 113.66761791291812, 97.70028952805238, 25.48983429500288, 83.87782615010892, 21.438422615260826, 68.8788041826037, 84.59538023332684, 71.46507619095055, 129.1259522131793, 160.9028740466412, 29.30903304218719, 33.42134057357637, 309.3654024195776, 378.03423997453035, 328.3605782292442]}