{"y": [975.362635666566, 947.0248020784564, 976.0538023394466, 968.4509689377587, 973.6347189843641, 985.3845524233363, 975.0170523301256, 990.9138858063822, 949.443885433539, 880.3272181454669, 857.1731346039627, 830.563217698055, 899.679884986127, 906.9371350513746, 920.760468508989, 942.8778020411721, 958.4290521809883, 1003.0093025817948, 869.2685513793754, 860.283384631926, 834.3646343988989, 963.0935761897501, 830.4039743023369, 744.7377050136209, 739.6163519583172, 767.0854274367642, 713.5440091313168, 830.869551852819, 651.5895565495621, 666.9488159469115, 635.3087415883718, 655.8901491808199, 613.4985932441357, 584.6231855771189, 560.355555729307, 532.4017036261312, 771.7647330569954, 809.0877333925542, 884.0793174001125, 809.778900065435, 861.616400531489, 976.3700758586981, 825.5805467252208, 955.5850806220324, 981.5278296978677, 979.871909544091, 1001.1228848508923, 898.1798486244392, 884.104527317337, 967.8835738358431, 999.3700556004092, 964.1758138494682, 915.5877566996659, 829.0005731247815, 792.7623204841603, 809.4319166988461, 935.9034184146137, 842.4087266018113, 830.4501032304063, 791.1531930936313, 767.6583259842484, 739.8916648549779, 745.0178176788432, 741.600382462933, 690.3388542242795, 665.1352695069417, 815.9295984089805, 675.3875751546723, 521.6029904387121, 645.485017015458, 708.2803891078083, 466.70005145581916, 494.2387235784104, 417.130441635155, 395.8338685270179, 395.0995039370821, 454.21585342691117, 543.8083333990745, 574.2844638814087, 497.5433642331213, 505.6213747224147, 544.909880283978, 625.3228028819443, 595.9482192845137, 603.6590474788393, 562.9018127374044, 546.3786094638497, 295.9174194681066, 359.67034538851055, 365.6100589835792, 276.1633286241922, 981.9975320494576, 951.8405861764745, 967.065452054097, 925.197070890635, 800.5464807870424, 697.5502580626699, 623.9410074008732, 691.3017644346805, 516.3502003617483, 309.7201637817818, 224.7642602401929, 893.6485012018956], "x": [230.83174994863217, 258.6673313718011, 272.58512208338556, 292.55412614783285, 250.4981933454363, 295.5797328242642, 320.3897075710018, 340.9638329707353, 353.67138101174726, 333.70237694729997, 333.70237694729997, 314.6410548857821, 278.6363354362484, 219.93956591347913, 200.57568318431814, 202.08848652253383, 216.0062772341183, 250.80075401307946, 226.89846126927137, 248.0777080042912, 239.00088797499697, 1026.793373010401, 891.4990185737566, 1004.0515869370049, 1036.429723041501, 967.0480028175808, 1092.706007223125, 1039.513355051453, 969.3374525383484, 955.2145008261018, 1026.4302360559411, 1038.1492810937627, 998.1843326314479, 1001.1892159744791, 1015.9131443553318, 1009.3024010006633, 1172.8067932907318, 1181.1603689843585, 1177.4156626389395, 1098.7768293851434, 1101.0812640592471, 802.1223578649157, 657.5812520650953, 1185.476271060584, 1188.6282900707565, 1220.3909431732664, 1228.8771482006543, 1212.3896641474432, 1267.186302324292, 115.60845699726634, 129.59670704241157, 448.66479830668845, 470.36627304339373, 530.744141278823, 523.6982079227499, 541.3130413129328, 617.7614182263262, 736.4853952761586, 754.452525334145, 214.0898989940264, 197.15893560605068, 201.49011228669562, 133.3725154001886, 97.54187195121666, 82.18588190165728, 118.0165253506292, 21.549408372627894, 49.11144179491398, 290.86984924182343, 347.5688894248119, 364.49985281278765, 88.49687439391852, 127.10444451851927, 189.16253871880343, 182.87093469849813, 194.59619673633983, 186.8746827114197, 33.016366214862636, 26.15279819271139, 53.89305228223933, 41.023862240705746, 92.21464040591711, 271.52535498461856, 311.2768531129112, 320.7142591433692, 234.63367686555554, 207.17940477695052, 70.60441417171374, 135.15759771338378, 270.16597014910514, 364.1116759016329, 956.1585558586796, 846.1218001702175, 866.5736579028897, 869.7422555797826, 1255.9245050153172, 843.1326061765411, 923.2075664349723, 552.1270644578393, 939.9352363761053, 178.5765459189209, 192.1213166293015, 118.15832391196938]}