{"y": [394.30208730930514, 445.1244367245656, 498.5530604688137, 536.3440382391357, 555.0223375968809, 484.65293071421263, 487.2592050432003, 448.16509010838456, 322.1725697889715, 377.5019018836416, 407.64684833522057, 401.5415427247742, 680.1027501390814, 616.0834370635047, 596.9899577251748, 224.6068732979291, 250.23763741725583, 284.7959710612918, 276.15638765028285, 467.64278500239294, 523.1377091124408, 467.64278500239294, 519.5282831540637, 494.26230144542404, 417.5619998299108, 354.8482238031088, 576.3767419985029, 617.5125760625173, 726.4289242639708, 657.4778489912765, 662.3088160485989, 691.2946183925342, 729.9423548511145, 775.616952483982, 665.6236532819572, 492.4880721526036, 482.3245622232638, 466.64371833228245, 447.18785646754634, 114.8339172798486, 811.3158911881833, 825.4774293341202, 542.0685353561823, 116.911572859834, 204.59105942941267, 307.68768824983925, 750.4816926947651, 791.9900912161017], "x": [796.841581673425, 784.8282653013202, 744.1380001699979, 713.135893403276, 763.901843233783, 676.3208916177939, 644.543732181904, 630.9803104714632, 364.70071154622394, 366.8041298863458, 336.93558945661573, 500.1608526500699, 338.2666916978807, 454.1764400719637, 485.7214981737712, 657.8594624365376, 606.9422322722091, 646.5445224000201, 665.9415624626215, 1075.4845724954057, 1038.8995997106658, 1009.1035909478366, 967.6154774806059, 943.4769387360354, 922.7328820024201, 938.9509627214285, 1053.2318570902546, 1003.1192764969436, 984.6920884374723, 860.4266920364224, 896.3360841523152, 712.0642035576025, 830.1872039388285, 833.9671399510278, 1141.1567627904228, 191.39063806339658, 216.31044647715524, 320.20687847913365, 189.85711139178068, 876.987325257228, 407.609689429763, 620.8728287238048, 403.5980763780486, 491.59071015384416, 997.7748088149101, 1098.9627011414805, 1112.815496995891, 1163.8156204938202]}