{"y": [643.6905167274209, 640.2466827844214, 674.6850222144157, 692.3961682069842, 554.6428104870072, 481.33834512887665, 532.921478953895, 520.5788740975563, 588.296408849901, 619.9868807783382, 384.0496143844842, 498.7400841656289, 289.96455103859614, 558.5645793924436, 510.449299445966, 476.80772159720925, 550.3497754991427, 655.9686826987277, 624.2830105388522, 668.0952979697912, 630.9330898810483, 676.3101018630922, 437.72412988544676, 415.4868021392219, 452.9105976145759, 974.5348944267819, 953.4687102096049, 933.6792644298325, 905.2718341975788, 854.2022967013922, 833.1361124842152, 986.573122651155, 932.4749311925535, 921.4594623435171, 957.4433272503696, 713.5169776222394, 736.0590906721304, 777.9922687111749, 727.0907231146468, 596.3818041393595, 615.3120913465925, 527.3419331482742, 537.9206230581985, 583.0192484636656, 730.7347865630073, 709.6782018829538, 823.7937159892434, 184.65113076900198, 134.14556607881184, 241.22840268970694, 281.52245976494066, 250.33596353547898, 232.39682853623108, 267.1711517655424, 263.5833247656928, 1016.2051659045427, 895.9035826993002, 290.50225343162873, 268.351321519514, 579.2169731128182, 944.2571188331685, 794.0292967946259, 899.0842311882147], "x": [744.6803316644128, 615.3667312470706, 558.170331062477, 453.7247307253928, 523.3551309501156, 558.170331062477, 393.86494525578536, 273.54941620081655, 346.15361476847016, 281.8470388942627, 456.8511526748547, 351.2284670006384, 259.3329173707245, 1046.8118618121805, 1039.0613351205, 973.8864515768234, 933.372334779403, 836.843047801201, 926.6786980911335, 979.523198261682, 1000.3087016620977, 1009.8207116927965, 934.6891642421896, 962.6988216659204, 984.5412150697471, 787.622627770553, 831.949837913613, 829.0589329042831, 829.3801445719864, 852.5073846466264, 881.0952230722231, 1122.8922562500006, 1112.3316455492509, 1091.6414694824762, 1014.268831899433, 1109.385424708881, 1075.276890265467, 1026.034105439876, 1045.4601581692375, 1143.7080433036003, 1115.5864798795085, 1136.3201749464235, 1092.231283137466, 1069.114404729526, 1247.775831280685, 1207.7080756565801, 256.792076186153, 742.6271283238631, 736.1117123028355, 642.1811313330206, 569.1541767640027, 558.2951500622902, 610.689953898054, 599.8309271963413, 487.9829521687005, 227.59112098024724, 182.65693054907484, 59.42242107326777, 132.29395064178414, 1167.656317714183, 1262.508422277397, 914.3871315047527, 975.1583067008836]}