{"y": [694.2276150533518, 663.9506749663269, 621.6359153266295, 624.5541746121258, 658.4789388060212, 696.7810919281611, 545.0316090823496, 562.1977053799125, 533.8022745690629, 500.5110798253082, 504.4276909716323, 502.4693853984702, 466.5671165571661, 531.5175847337072, 508.67068638015, 902.7784812791426, 837.5352272203396, 793.1565670991233, 798.1243275604536, 667.3105894206539, 638.7999641643243, 678.0812700730451, 680.2987631485374, 667.6273741457243, 625.1782209863001, 532.6770812657637, 724.3318399333132, 700.2562008279681, 693.6037216014912, 702.7904786285308, 666.3602352454428, 680.6155478736077, 705.3247564290934, 751.8921110144319, 642.6013808651682, 637.5328252640429, 671.4287908465683, 655.5895545930517, 640.0671030646056, 603.6368596815176, 423.4738174068064, 461.05600524469554, 387.9651295875594, 411.81037980194424, 428.9167549557421, 557.0198967460391, 503.0320999643561, 464.31716674591246, 421.69522191826803, 356.3834528037929, 431.8406143618332, 483.61589595299705, 762.1304679206897, 740.6611031443324, 727.7113275649423, 759.4041993776602, 806.7731153127979, 642.8510285931185, 617.0714716483799, 611.0981596733795, 634.9914075733811, 686.8649063036478, 695.0389121641746, 716.7314661786497, 729.9356294918084, 892.2778886776907, 894.9993574521585, 880.7872427410488, 854.4797112545264, 928.5641390039285, 656.2624895278547, 640.0392717894044, 969.5340330224717, 982.4838086018618, 962.7183616648979, 859.801724165534, 925.5729527661208, 927.617654173393, 986.5732114164061, 948.405451813993, 974.1722517566694, 989.1835279332976, 791.6715587237437, 617.743475866342, 670.3417396494209, 935.0891826759564, 957.8400856582801, 960.0647555269993, 987.0499543373228, 1016.7336730286785, 997.2511414629807, 979.880779038291], "x": [206.54257139123825, 167.06462126382849, 171.7273712788769, 216.4897714233415, 328.0849217834998, 340.20807182262564, 284.87677164405136, 114.44069115211764, 90.54254307498958, 140.90853257087238, 108.53039646637629, 68.70014967116286, 132.685513877667, 180.48181003192312, 165.32061931632575, 423.6816198644964, 351.290871630865, 454.8743812985001, 553.4552782833232, 431.29546741962736, 442.7969174567467, 467.04321753499835, 532.0108677446727, 587.0313179222438, 603.817217976418, 618.1163180225665, 601.6412679693954, 617.1837680195566, 647.9579181188761, 671.8933681961246, 658.8376681539891, 698.6264682824019, 718.8317183476116, 707.6411183114955, 715.1015183355729, 639.564968091789, 786.9078685673181, 789.3946685753439, 855.6057187890311, 836.0221687258278, 275.5819549603368, 249.11411354158204, 292.2849616809102, 345.73458318674506, 359.09698856320375, 643.7012746700086, 557.2145150575509, 589.4475878282456, 475.514845460543, 554.8247847166475, 565.5677607513189, 687.4242137112243, 1221.3724485098487, 1135.1136455647934, 1151.6632996182052, 1155.6753369644869, 1133.6091315599379, 930.9951978731204, 996.650862751682, 1023.2762015042783, 1078.0396823476867, 1029.024854189498, 1001.189272766329, 993.6252560752505, 1035.3786282100039, 1094.3081934073018, 1041.7745432377567, 1164.6224636342317, 1176.4762103391547, 1202.608333756826, 1239.6531588534285, 1256.490252017143, 805.8448069910447, 885.5612535816522, 930.9018347279828, 839.6279851000753, 730.8698590824065, 749.2431664750372, 743.3162931225756, 776.8031275639833, 538.4352325800936, 551.9572076237339, 888.7600342295185, 885.6972593110544, 873.4103949380667, 309.79248440414074, 314.1443844181859, 994.7371924330059, 983.7952723976924, 985.8468824043136, 1254.8760436934065, 1155.97186270754]}