{"y": [779.5738908849994, 799.3633366647716, 808.9388749453067, 788.8302445561832, 810.5347979920625, 852.6671664264164, 853.3055356451188, 868.6263968939747, 908.2052884535193, 912.3546883750845, 905.3326269693588, 791.8116091972626, 788.8549517632728, 800.0480120490911, 819.477475186738, 789.699711030127, 856.858072745037, 838.7602667834063, 845.0959612848129, 813.1007040527096, 758.2969466155424, 780.4718773704656, 751.0108979389248, 736.4388005856897, 736.1220158606193, 723.4506268578061, 676.5903571972165, 633.9924112123804, 602.2995393996623, 621.383419200869, 668.411551568128, 679.9981928760034, 612.523046436023, 605.7073750784492, 676.5903571972165, 563.4502126614918, 555.612190600282, 542.3216314530132, 535.5059600954394, 499.0421183324197, 500.74603617181316, 526.6455873305935, 518.8075652693836, 557.3161084396754, 539.9902490448912, 491.6949777773509, 446.4955572320888, 457.3310347600626, 496.02916878854046, 422.65750667054647, 419.759337041354, 435.63457155908304, 422.67519644256953, 443.734181006904, 478.0765250656648, 455.721602989679, 391.5726961629371, 361.4421490170432, 644.6342114581162, 636.1386211039573, 674.3687776976722, 678.6165728747516, 599.3243962359356, 695.6077535830693, 626.2270990241053, 788.3890724695277, 784.3812657205318, 736.6883654074813, 693.0032718434267, 734.2836813580839, 725.0657258353933, 679.7775095717403, 632.4853899335894, 601.2244972914218, 602.8276199910201, 660.9408178514599, 649.318178279372, 611.644794838811, 591.6057610938318, 631.2830479088906, 405.1196111131395, 423.01074842677065, 374.12510562614466, 429.3104446639647, 457.78507165608187, 517.129712188808, 561.7099625896144, 596.9594629065311, 536.309587361248, 522.3134622354133, 366.04680247518183, 259.9623177251146, 266.154019169671, 180.29575913848822, 170.80181692350166, 172.86571740502046, 248.81725512491298, 282.2524429255178, 344.16945737108233, 232.7574173014736, 379.4959974302784, 115.84809952970018, 134.3464075663828, 556.8993840023126, 540.4193786458128, 603.7235262057004, 610.001623484367, 828.3528232060598, 954.6827317492582, 963.0823267321836, 996.3447228645682, 862.6231707363955, 886.7823924325953, 900.4905314447296, 905.7126796398285, 255.14803179704435, 280.7931952220561, 234.10584642267577, 180.84281469380525, 208.55609187373997, 995.5205738343852, 769.4172788652394, 575.3281472478193, 516.1973984523052], "x": [539.852964780419, 556.3570275003503, 452.081358497148, 452.081358497148, 379.3134455956327, 383.0643689410716, 442.70405013355065, 497.84262331150296, 488.46531494790565, 534.9767644313484, 450.58098915897244, 331.32814540581376, 282.47910391482674, 289.247344603337, 283.950460586242, 205.9685570012326, 258.64312583789933, 781.9231961642885, 692.377672541959, 751.6629847332944, 695.7742268862543, 692.6864502096222, 780.3793078259724, 772.6598661343924, 799.214745553428, 730.6661033321964, 430.9422601849466, 446.98212023671306, 472.34748031857634, 390.2830800537246, 385.8068400392781, 331.7189398647166, 309.71075979368817, 259.72607963236936, 259.72607963236936, 313.06793980452306, 341.0444398948134, 340.2983998924057, 401.10066008863686, 414.1563601307724, 236.59883955772932, 251.51963960588418, 213.84461948429313, 220.9319995071667, 566.4519364937152, 592.5944215780866, 556.8363097960154, 527.0879647000066, 510.26061797903196, 480.21178454872006, 408.23822146602214, 380.92072337785856, 307.72383747495877, 242.23188693025898, 280.40633938679525, 293.71486409641335, 305.622491468177, 453.76738494629467, 662.1815289581871, 612.7024981318335, 605.5964671088998, 636.9156408766448, 653.7595662643397, 712.4501187870889, 715.6083547972817, 905.844182565295, 880.8829274847359, 921.9151276171618, 918.1538426050228, 965.3408727573126, 985.1731028213184, 953.0312127175848, 944.8247726910996, 911.6570775840554, 963.9731327528983, 1007.3988778930491, 983.1214928146971, 1068.6052430905843, 1118.869688252806, 1102.114873198732, 1083.6393749433958, 1060.6613428692372, 1047.736199827523, 1147.0341241479937, 1133.4934981042932, 1185.5828017566166, 1164.7558516894005, 1164.7558516894005, 1106.1626988336322, 1023.6879765674562, 927.4527646817663, 866.2774844843314, 984.3797615321572, 979.2818215157042, 1026.4377666678936, 1066.7964584648125, 1100.3578969064608, 1054.0516084236804, 1096.9592702288257, 1191.1752454228895, 1249.625809729364, 1053.4070628565264, 1084.3159146229473, 156.95847241709478, 74.8381191520624, 52.39682141296948, 74.59151148459985, 1162.1543873552496, 1182.3596374204594, 1151.0155956526341, 1222.2520542158734, 1132.3645955924405, 708.3478408355355, 773.9061060471159, 738.8235749338918, 787.3422542494047, 787.0521275818018, 768.484020855209, 760.3604741623247, 938.2081288655969, 308.36467025911116, 1004.1232172704473, 1018.8121249380522, 955.784178734638]}