{"y": [912.0859625631474, 910.2572507411505, 866.6729523168909, 906.5998270971567, 857.2246079032402, 810.8972417459852, 811.5068123533175, 853.2623989555802, 778.5899995573732, 793.1320889825499, 800.6917244671828, 820.5987645767161, 856.6330270534662, 789.3522712402334, 602.1759008300965, 610.8754813481263, 538.8429546588388, 556.5900989156198, 553.8062331498502, 520.7478271813366, 506.82849835248874, 488.03740443354417, 498.82488427590124, 676.9281546786115, 607.6314960694767, 610.6313514205215, 683.52783645091, 669.4285163009995, 623.8307149651187, 562.6336658038048, 557.5339117070287, 542.5346349518047, 545.2345047677451, 560.5337670580735, 525.1354739157449, 536.8349097848196, 637.3089915257523, 599.0908343534416, 497.87571480919024, 540.7136492221099, 425.6391979560316, 497.03575531089774, 444.9582664167601, 459.2375778877333, 491.5760185719962, 599.5108141025878, 644.4486472612389, 636.0490522783134, 677.207067694648, 679.3069664403794, 421.16490403244563, 440.0423937855003, 421.16490403244563, 483.54269625993066, 442.5046750576379, 357.9663513809148, 836.5805428828295, 812.2385166223115, 752.6181914335069, 721.2205053873317, 759.3210682298813, 734.9790419693635, 740.1529748135599, 789.5905909987781, 781.4333843282171, 734.7148370331859, 695.4119321659375, 677.3672022583328, 516.7051031706911, 563.0300694436653, 595.9828805038221, 592.6398417006178, 535.3306050742581, 609.8326126885257, 523.3911807770997, 599.3259193070264, 634.6666152266149, 601.7138041664581, 660.4557717084768, 674.3055038931803, 649.4715013550912, 726.8389708006767, 733.0474714351991, 772.6863601017645, 365.8942431321676, 262.08724856461356, 179.92721021019875, 169.10373210362914, 171.07163721391453, 277.83048944689665, 247.32796023747318, 371.3059821854524, 420.50360994258705, 406.7282741705893, 426.8993015510145, 258.64341462161417, 206.49392919905145, 341.78740553117166, 628.0000167590737, 695.7007523214526, 646.3447322017828, 845.6575497331237, 885.591624166232, 901.3156659742683, 912.7967123737869, 254.71679790305765, 280.52035369060457, 232.94504770731498, 827.0593925071272, 860.3889853993752, 380.7327291053487, 233.20704259380824, 115.20102780093359, 134.9184770522808, 146.39952345179944, 953.4255673680192, 962.9699071529033, 995.0947581361718, 942.7172837069297, 515.8143825458126, 801.2618469766488, 840.5215539268423, 456.21409047306946], "x": [529.9548258867494, 488.5247377530394, 501.0146907933491, 451.6641446340768, 441.91588860261567, 449.5317136271947, 373.67809638238737, 381.59855440794956, 538.7891829152611, 331.10806933488254, 288.1693225296369, 284.1075491831947, 259.7369091045417, 203.16220892195454, 48.94139649787674, 71.63344657111227, 74.65905324754368, 159.07347951997988, 220.19073438389424, 213.53439969574515, 190.23722828722333, 177.83224091385458, 239.85717778069838, 260.06699313908484, 257.9925874657233, 312.5198223083693, 332.67119170673845, 383.93864620553063, 391.0508942284844, 316.6686336550924, 341.85784540305383, 340.9688144001846, 278.7366441993386, 260.36333680670793, 248.80593376940794, 400.53389159242283, 448.9984048905083, 471.6780209637037, 506.0518140746405, 564.8770682644911, 481.6003529957267, 414.2702427784278, 558.1440572427613, 529.4401681501233, 595.7071713639912, 652.4062115469796, 660.911067574428, 611.6537764154566, 608.1100864040199, 641.4207725115256, 406.75174412266267, 378.8747160326933, 305.51411579593184, 283.5059357249034, 243.5244085958684, 453.70252827419, 782.8908374592816, 753.5155123644766, 780.3729524511554, 729.175957285924, 698.1220421857016, 771.9800024240683, 800.9187770427735, 906.1642980491059, 880.6165726333207, 921.4373947650645, 918.3827754218728, 949.4843541889156, 1182.9127455162386, 1165.1797891256747, 1164.7673947910102, 1118.1668349739466, 1103.7330332606969, 1069.0919091488972, 1024.9657153398193, 911.1448789724778, 946.610791753606, 963.1065651401772, 1006.820364614591, 1032.8012076984405, 983.7262818733913, 986.2006478813769, 969.7048744948057, 1008.469941953248, 926.3252465503097, 983.6294080685846, 978.5459743855117, 1023.372616863517, 1064.9643469977489, 1056.6460009709024, 1099.6241221096086, 1052.4868279574791, 1064.040086328099, 1080.6767783817918, 1147.2235465965625, 864.8619120186116, 940.6512869298783, 1099.1619917747837, 715.7797866249631, 709.71199460538, 792.7648978734221, 694.4348368926942, 707.2915929341876, 772.1224691434205, 741.2115450436597, 787.0376028448266, 785.5289441732909, 768.9336987863986, 1162.8656379225781, 1131.067755153288, 1251.2423268752061, 1190.4538606477695, 1053.5596499088379, 1083.152570004345, 1150.2298555541613, 1184.4878747476507, 1153.6101079813302, 1221.3754082000337, 1099.7294411407709, 954.1040939272546, 557.8652172912897, 558.8184906276996, 1132.799549888695]}