{"y": [865.889054959108, 748.9954914081561, 723.4127249744461, 800.1610242755761, 787.1728505476925, 760.0157600257543, 722.2319819082749, 927.6812754220691, 908.6506111212894, 916.447835149725, 984.1605701335081, 989.4955128898063, 988.6747524657604, 972.6699241968662, 993.1889347980126, 1008.3730026428609, 972.2595439848433, 911.9336528174729, 932.8630436306422, 892.2354026403724, 870.8956316151802, 842.989777197621, 833.5510323210937, 894.6976839125099, 903.7260485770144, 913.1647934535417, 878.2824754315928, 783.8950266663194, 943.5329291432383, 923.8346789661379, 964.0519397443848, 950.919772959651, 932.0422832065964, 951.3301531716739, 969.7972627127057, 655.2683254533788, 664.987856790764, 605.2307381979517, 620.3500091672174, 645.5487941159937, 676.507301338776, 659.5881171588834, 754.263552037857, 480.60413756261937, 507.3676470625006, 490.4436631140463, 471.9453550773637, 481.3912996067335, 473.9132601876491, 551.0551405108362, 543.5771010917517, 562.4689901504913, 446.75616966571073, 358.59402072492554, 463.6801536141651, 499.4960266213591, 546.3321682461512, 553.4166266431786, 929.9728909976936, 917.9782693620762, 790.6236102309609, 709.2347664288724, 725.5059818529393, 662.3194286228127, 692.149990233602, 634.1159885544299, 607.2684831047194, 438.6975923214087, 593.2390625140345, 612.7549214857914, 794.2345832827081, 833.6886808596491, 939.9652131853803, 903.4173754725314, 912.7289264821744, 929.7694029580483, 977.620695633634], "x": [243.64142586272558, 45.095313221944735, 38.72910520139865, 64.5918252848671, 94.43342538117685, 283.43022599113857, 285.0217779962751, 198.6800817176189, 971.3429426931262, 1020.560859518637, 976.52377604318, 928.3420258876799, 900.3655257973895, 850.1114423018679, 863.5816090120077, 835.6051089217174, 808.1466921664323, 832.496608911685, 822.1349422115775, 834.0508589167011, 875.4975257171313, 910.2091091624917, 882.2326090722013, 907.1006091524594, 925.2335258776476, 887.9315257572605, 917.9803591875724, 936.6313592477659, 1050.609692948949, 1131.430693209788, 1146.9731932599493, 976.52377604318, 994.6566927683682, 950.1015259579058, 964.6078593380563, 1094.3574313087872, 959.3179738729656, 927.7666987711381, 907.9945663739928, 922.7184947548457, 999.7036060033047, 1006.8552283597189, 932.3942191194061, 1050.2455426583958, 1020.7147925630893, 1020.7147925630893, 1026.6209425821507, 960.07831903406, 978.9779990950561, 1052.2142593314163, 1122.3005728909438, 1151.4375796516463, 1128.9942095792132, 1111.2757595220294, 1107.3383261759884, 1111.2757595220294, 956.9283723572273, 935.6662322886066, 502.3049005626699, 475.1614784750682, 538.9852006810506, 147.28726395324475, 166.0211573470392, 157.35673165240928, 134.17353857758863, 141.43292226768398, 169.7679360257981, 297.66927510670376, 835.0180811662624, 799.4568410514933, 737.4237204664223, 763.5434098840534, 15.83093612867791, 110.01848643265555, 141.53867653438272, 308.9830960022671, 343.71747511436763]}