{"y": [918.335192669907, 923.658061008417, 860.0967508485611, 1004.4404157928645, 997.5519979430279, 892.0339608796218, 1005.3797454996604, 985.027601852416, 975.0080849799263, 980.0178434161717, 959.3525898666621, 939.6266660239485, 968.745886934621, 943.0708749488667, 943.0708749488667, 918.9614124744389, 901.4272579475823, 885.7717628343175, 903.9321371657047, 848.8247943670125, 867.298278600665, 867.9244984051955, 912.0729946246024, 864.167179578012, 900.1748183385212, 997.238888040763, 1004.4404157928648, 964.0492384006416, 954.969051234948, 935.5562372944996, 943.6970947533973, 958.4132601598662, 935.8693471967649, 887.6504222479093, 887.0242024433787, 872.9342568414404, 842.8757062239719, 847.5723547579513, 837.5528378854618, 831.6037497424212, 944.6364244601932, 921.4662916925613, 942.7577650466014, 1007.5715148155177, 961.6732932090248, 851.80659083236, 830.6180125168604, 870.3792952817486, 732.2611551510844, 706.6255912631959, 759.9894181318616, 668.1722454313632, 659.5398616731967, 653.000177007919, 637.3049338112526, 600.9442870723088, 507.557590052144, 471.1969433132002, 485.8458369634222, 448.9620154512564, 326.80070590386947, 308.22800145448093, 308.22800145448093, 262.97338357075944, 212.48701795481583, 759.9751333714347, 864.8020787583438, 848.2044790720832, 832.0436583249348, 807.1472587955437, 778.7566277532559, 819.8138480297953, 752.1131124674165, 768.273933214565, 819.8138480297953, 946.9165193114228, 519.7467168597688, 468.64358098365074, 458.59766538407195, 457.7241075058477, 469.08035992276285, 612.343851951538, 583.5164419701382, 385.2188036132359, 424.0921291942145, 772.1427895346561, 721.7740182484736, 729.0240686608787, 773.2875343366148, 752.6821279013583, 735.129374271325, 695.0633062027708, 665.6815229524976, 776.7217687424909, 734.7477926706721, 658.0498909394398, 600.4310692408513, 749.2478934954815, 848.969842948526, 856.8894610752842, 775.1590020071391, 687.8706245084992, 677.7479126119335, 507.4646663101454, 485.52012444618254, 832.1268061711278, 755.623295066643, 670.4205977610524, 716.7926711375859, 717.9206167495787, 721.7556318303543, 770.031704023648, 797.5535769562733, 722.2068100751515, 939.4491349449722, 884.4053890797217, 1017.277382172478, 697.8431848561057, 387.6581415580783], "x": [7.424600174016667, 204.86408681122603, 147.65939729327226, 218.92089963246647, 280.0094228797109, 249.46516125608866, 325.2024630371111, 323.9557584810449, 345.46141207318703, 894.9464451593718, 879.6743143475607, 900.2449395226532, 927.6724397561101, 951.3598263213682, 930.7892011462756, 911.4652805272492, 904.2967293298684, 907.413490720034, 871.5707347331302, 870.0123540380474, 926.7374113390604, 942.6328944289047, 944.8146274020205, 953.8532354335007, 1002.1630369810666, 1033.0189747437055, 1055.4596567528974, 1055.771332891914, 1020.8636053220599, 1017.1234916538613, 1001.5396847030336, 988.4492868643382, 981.2807356669574, 1033.9540031607553, 1042.0575827751857, 1041.4342304971526, 987.5142584472885, 1001.2280085640169, 1045.1743441653512, 965.3852525771132, 1077.2769864840564, 1045.4860203043677, 1059.5114465601127, 996.241190339752, 1212.9912952257143, 1266.1123223763216, 1254.7637393032373, 1205.506059581765, 1180.394301292387, 1251.866228731386, 1131.3780807852354, 1197.0549870805319, 1171.9432287911538, 1146.1070928588128, 1233.0324100143523, 1104.0931895669687, 1154.7996245743668, 1162.526319432637, 1135.7243466430123, 1186.9137000790522, 1262.7318933758281, 1264.4221078760747, 1178.7040867921398, 1141.0364493580728, 1129.9293254993097, 998.1897634627755, 824.9136835702168, 823.7075855663243, 831.3462062576435, 834.9645002693211, 855.468166335494, 891.2490737843053, 922.2055892175467, 895.6714331319113, 918.5872952058692, 745.7132479812744, 1042.4133569388346, 1008.6426128298441, 936.276732596293, 916.1750991980844, 889.2389104444849, 1010.2507435017008, 999.7978941346323, 1125.2320865394538, 1115.5833025083136, 87.04303649039227, 88.93922149651195, 36.22527832638475, 29.399012304353892, 58.60026139859701, 160.23577772661204, 15.367243259068237, 14.229532255396428, 262.250531055851, 643.0044802846833, 521.6486398930235, 1164.4553569675957, 756.0171066494161, 481.56200382472485, 384.7943985124204, 344.10413338109805, 102.0334398203472, 205.22320615337827, 454.1188210088709, 596.6414741355103, 596.2529914464106, 542.8696846074565, 868.0178406859828, 1049.751960516422, 1030.1000234529981, 1085.6675696323348, 1072.1145095885943, 1107.8042343704446, 1118.8725667394995, 1129.9408991085547, 1156.8211348619736, 1122.9384847526221, 827.2558914650135, 1032.1329824595578]}