{"y": [880.2385232034666, 811.8130225882753, 814.9232726162386, 850.6911479378158, 829.3081789955685, 772.9348972387348, 754.6621783244508, 758.1612096059094, 799.7608037299177, 772.1573347317441, 818.0335226442018, 895.7897733432828, 717.7279592423873, 716.9503967353966, 619.36630210805, 557.1613015487851, 554.0510515208219, 548.6081139718863, 522.9485512411895, 536.944676367024, 606.5365207427017, 672.2405525834251, 620.1438646150408, 579.7106142515187, 551.7183639998494, 601.4823644472614, 535.7783326065379, 554.0510515208219, 508.5636448618595, 449.46889433055793, 408.258081460045, 410.5907689810174, 388.4302375317793, 503.8982698199146, 500.399238538456, 484.4592071451444, 467.35283199134653, 472.4069882867868, 432.7513004302555, 418.7551753044209, 431.58495666976927, 348.774549675248, 326.2252369725145, 340.9989246053399, 323.1149869445513, 301.3432367488086, 309.11886181871665, 425.36445661384306, 498.8441135244748, 524.1148950016761, 506.6197385943829, 275.6836740181118, 284.2368615950107, 276.07245527160717, 269.4631739621853, 81.68182852390441, 977.2478519814001, 985.1922189148045, 952.692536005423, 893.8319991806542, 893.1097840048901, 872.8877590834971, 883.3598791320757, 921.2761758596874, 857.3601328045704, 936.8038021386142, 1008.2344980908938, 976.786414474821, 942.9360466936315, 953.2003517627664, 991.6368984046331, 1000.8092561259878, 1002.119592943324, 864.7526165925618, 883.0973320352709, 851.8676378887543, 866.4997323490103, 997.9701930217585, 211.04046983431147, 246.20117443283726, 239.24630978697502, 186.69844357379358, 161.58365457484658, 347.0956434227982, 764.1956339661848, 765.9595489125991, 741.7687153617738, 769.23539095594, 784.102674075718, 796.9540543995939, 783.094722677767, 908.9072499183898, 880.4542218848001, 858.8408640515926, 878.5391142286932, 861.0295585157148, 800.8404607523521, 823.2745790096055, 818.0764296573151, 863.2182529798372, 891.9448678214421, 976.6146115284572, 691.1894702399792, 661.706891849911, 732.4387319401354, 21.035512679413767, 30.235000928508587, 841.1349341161067, 164.7242793100576], "x": [655.4171091342726, 600.8504999581662, 581.6897058963273, 615.0128260038732, 634.5901590670563, 620.4278330213493, 629.1751520495801, 584.6054789057375, 694.9883142619833, 678.7432932095546, 667.0802011719136, 698.7371652740821, 597.1016489460673, 684.5748392283751, 563.361989837177, 575.4416208761625, 557.1139048170122, 545.0342737780268, 574.6085428734738, 587.5212519151478, 614.1797480011845, 589.1874079205251, 735.3925973923826, 709.1506403076902, 725.8122003614632, 486.30227458847725, 476.3053385562135, 510.46153666644796, 535.037337745763, 539.6192667605507, 587.5212519151478, 643.3374780952871, 667.0802011719136, 659.9990381490601, 693.3221582566059, 740.3910654085145, 747.472228431368, 764.9668664878295, 752.0541574461555, 729.1445123722177, 697.9040872713935, 791.6253625738663, 699.9867822781151, 612.0970529944628, 640.0051660845326, 669.9959741813238, 612.0970529944628, 819.1169366625913, 805.7876886195729, 804.9546106168843, 783.2945825469795, 792.0419015752103, 705.401789295591, 634.1736200657117, 646.253251104697, 459.6437785024397, 108.33308345371063, 180.7915897399594, 152.4522628368932, 183.04585437997602, 30.399934470278644, 21.704913715928793, 57.77314795619484, 64.21390407052806, 107.36697003656064, 217.1818617859421, 312.2715809582029, 299.77541091787316, 306.4400349393824, 356.1470224331383, 415.5732532915951, 346.4277790684374, 478.3317961608065, 359.75702711145567, 335.5977650334849, 400.57784924319935, 471.6671721392973, 581.3557758266355, 439.4045459776586, 458.0679800378923, 434.49311596180763, 390.94510315459564, 411.90053788889315, 497.0273761789076, 93.910135536328, 169.9709861151375, 153.3902470616254, 74.96071947517132, 54.43218540891824, 103.64802990108907, 107.85901124801278, 248.77028385558646, 257.25027188295445, 257.7642105512798, 237.72060248659176, 232.5812158033384, 306.58838404218653, 244.14483584065843, 257.25027188295445, 190.43824500066097, 213.56548507530104, 258.9858747711955, 659.3730823631348, 708.7837261892677, 479.7150397710752, 478.74182851104746, 363.64650713959287, 41.00200933132325, 327.49595659115914]}