{"y": [845.5929057798548, 831.0784056493596, 804.7372757829055, 752.0550160499973, 762.2689235492346, 735.9277936827805, 830.0032574915452, 841.8298872275042, 657.4419781623253, 647.228070663088, 695.6097377647385, 691.3091451334807, 607.9851629028605, 716.5751268421203, 682.707959870965, 732.7023492093372, 729.4769047358938, 674.1067746084494, 587.5573479043858, 639.1644594794797, 620.3493667177266, 775.6062297588298, 778.9156701821024, 805.863970771608, 777.0245613688038, 694.761327990313, 690.0335559570665, 645.1197216412238, 672.0680222307294, 577.5125815657975, 643.2286128279252, 675.377462654002, 760.9501364557653, 796.8812039084395, 767.096240098986, 975.91755383104, 725.8480725843508, 707.1289751938313, 694.9615618899936, 716.956501323854, 685.6020131947338, 638.8042697184351, 533.9773243315258, 553.6323765915713, 502.1548587676426, 472.2043029428114, 505.6668237028019, 490.3075643054525, 428.8705267160551, 426.9506192913865, 428.4865452311214, 382.7927485240071, 332.8751554826217, 348.6183963649048, 386.63256337334445, 418.88700810777806, 465.73274926969356, 294.47700698924837, 509.14378641947053, 460.83411584624514, 382.6602852822987, 396.7140076308733, 528.9068334721536, 551.3049534651944, 435.07352507682714, 448.392882835466, 417.31438139864196, 375.58039375490677, 409.76674533541325, 521.841920128784, 429.6503654804754, 379.57677996083567, 526.8248084739494, 563.7494280188895, 223.0103458857837, 251.628965934751, 202.4049394505272, 179.12846181070046, 213.85238747011414, 214.99713227207283, 319.1689092503139, 273.7606987726191, 155.8519841708737, 205.0760106550975, 226.78452190794874, 259.3413520617677, 410.3069562988922, 587.8179243045892], "x": [132.2739098224649, 300.5971130323721, 349.19747452255655, 349.7901618578027, 310.0801103963105, 408.46620804717173, 417.94920541111014, 487.2936236349099, 443.4347608266947, 293.48486500941823, 296.44830168564897, 251.99675154218758, 283.40918031023364, 191.54264334708012, 212.87938741594158, 150.05452987984947, 100.86148105441886, 79.5247369855574, 99.67610638392657, 118.64210111180341, 180.28158397740322, 673.941141464259, 723.9879916257785, 749.2497350406406, 852.6798920411143, 826.9415119580472, 774.9881151237079, 746.389915031411, 621.5111079617147, 544.7726043807182, 523.8005909797006, 532.8566876755946, 556.6885210858419, 545.2492410489232, 591.4829978648031, 639.4669937393509, 899.5324817559741, 879.3396656908045, 916.1194378095063, 955.783897937518, 1008.7900401085882, 1032.2281301842313, 1066.8443862959507, 882.2243537001144, 937.0334258770033, 959.3897579491554, 824.9985936469162, 861.3556097642536, 829.6323309952043, 810.3844989330845, 779.0176614985189, 733.0367293501216, 791.8495495399321, 681.7091771844688, 676.718998501697, 679.9269705120504, 683.4913838568873, 678.8576465085993, 509.175476876185, 507.4243552038668, 528.0875909372213, 472.0516974230396, 570.4647354073211, 611.0907582051028, 1158.579400354536, 1105.4344118496842, 979.2728304425145, 920.5822779197653, 897.9378915133502, 328.1099115255747, 334.45125154604057, 284.0728280501176, 18.920766039386407, 58.290954833115045, 253.49383928537168, 213.8045111572797, 191.17463108424482, 188.0412630741323, 164.01877499660296, 143.82595893143338, 178.64115904379474, 54.69904664378828, 40.42481459772012, 270.2051353393051, 679.3928838914505, 573.9857208845964, 1064.209728706566, 576.9716338524647]}