{"y": [790.3990628552058, 763.117178350664, 725.9573701462019, 732.5426526128155, 773.465479369628, 796.5139680027754, 758.8837824792696, 709.9645412987119, 653.0488856944093, 675.1566196894689, 714.1979371701063, 652.5785083753653, 618.2409640851663, 582.9626651568794, 577.3181373283536, 628.1188877850866, 541.569461081023, 594.722098132975, 754.1181800435911, 719.2862595915398, 709.84031506217, 685.6350822056597, 625.7808763997299, 591.5681260921342, 574.4617509383364, 630.2158625507145, 511.738375374411, 593.4688344425562, 498.11663219638683, 792.4544735117173, 487.9353721463713, 467.8627400214604, 431.5548907366951, 365.43327903110617, 579.7920943070358, 545.3513549927607, 591.9835064536818, 1011.7279046435691, 679.7361560969988, 666.5271930152784, 627.3130838664208, 735.8742491943107, 513.6206785576178, 470.5811538651079, 499.5669562090431, 425.34573505563327, 370.44838213151354, 362.10398448704734, 348.0502621384727, 383.6237468333023, 318.18610214775157, 309.84170450328537, 374.8401703654431, 458.72332563349806, 493.4184526815417, 806.046974252116, 779.0842743569254, 419.8488168087924, 364.7954714064183, 327.85645255579317, 413.100342211082, 430.5043030157035, 516.3552227758241, 434.6439627819256, 384.1902832852144, 321.69731272475354, 301.1351042065521, 256.70604651543835, 228.06582750794348, 258.54195799027775, 140.67644130558742, 171.88693637785744, 176.6603062124399, 159.03555605398154, 134.4343422911334, 174.8243947376005, 436.67270197059315, 359.57641944874194, 279.08298852574654, 245.96458545021204, 202.40668575304164, 177.56788344639074, 681.9113737695475, 106.27529685944528, 227.2126654236055, 182.00604522550088, 245.7589711459048, 261.97329038764724, 401.4417869879855, 344.9437112485483, 861.9237573908458, 924.5607371206612, 1004.4442420823651, 227.1671842182102, 193.90958785438718, 433.9157142056778, 264.36647713986633, 284.1127250025836, 718.8635216746075, 129.16907674150121, 511.4728234328716], "x": [448.7771551635064, 463.43269654413854, 472.91569390807695, 575.9355289072263, 556.5384888446249, 548.7796728195844, 612.1433370240821, 602.2292943254192, 550.5038541584823, 490.5885526317804, 366.4474962311318, 390.5860349757024, 383.6893096201108, 322.4808720892355, 381.53408294648847, 470.7604672344546, 625.0746970658163, 627.6609690741632, 727.433018066981, 677.2100195715598, 635.4027667699659, 696.7562676346427, 758.0108742201002, 736.5912368176379, 766.4659942473879, 716.5807860863902, 672.6141619444938, 674.5870232841943, 792.1131916634941, 1154.9608175771712, 983.4823988866322, 1022.6992350131992, 961.7477668164865, 887.3302765763141, 844.2453032162243, 852.9988392444752, 954.0623915706442, 131.19714716179377, 181.4421109486881, 135.19384779942808, 220.16158707365, 74.96355160504291, 54.032942940985436, 45.85137091458052, 126.10869650693355, 83.25284303528872, 67.66889631832697, 98.83678975225048, 130.7838805220221, 192.340470054021, 156.10779393708495, 182.21090468799588, 44.29297624288434, 181.82130602007183, 313.50565577839865, 804.9202320689426, 804.0332733994134, 400.7618369394008, 408.37766196397985, 386.139452892209, 295.6634516002099, 358.1132168017581, 445.41133672018924, 473.44793447734025, 841.9860619531955, 886.4558018052322, 924.9183085960314, 906.3502018694387, 1006.1537755248745, 1011.1273755409262, 901.7081751877905, 913.3132418919109, 887.118948474039, 866.2298284066222, 981.2857754446164, 1040.305828968429, 692.2664725186816, 611.8454325924668, 272.244954902529, 253.40951717507352, 223.76686107940583, 220.37030673511057, 414.75781029668434, 828.3116429752356, 833.1339626574656, 825.7150093001886, 755.9768477417847, 658.4981070269167, 471.40157076015447, 516.3131789051006, 306.29956497846956, 355.34755047009867, 1131.7875592182945, 1180.9482464286104, 1217.2472372124273, 879.7219872863378, 17.184384255350256, 105.3248658731451, 258.8967136537711, 1038.6070376339874, 629.1583895366375]}