{"y": [693.5415850468506, 664.5893810828471, 656.1033902658115, 659.0984458482947, 630.6454178147051, 721.4954371500264, 673.5745478302964, 620.661899206428, 609.1808528069093, 646.1198716575345, 697.0358165597476, 745.9550577403052, 561.7591394175932, 610.6783805981509, 565.2533709304902, 559.7624356959378, 499.3621481158615, 607.6833250156678, 687.0522979514706, 706.5201592376109, 537.2995188273144, 671.5778441086411, 709.0160388896801, 807.3536971812093, 774.408085773895, 772.9105579826535, 778.4014932172058, 808.352049042037, 813.8429842765894, 748.4509373923746, 633.1412974667744, 571.7426580258704, 565.2533709304903, 560.7607875567655, 690.0473535339537, 728.9830761062342, 690.5465294643675, 702.0275758638861, 734.4740113407867, 805.8561693899677, 689.049001673126, 807.3536971812092, 789.3833636863105, 607.6833250156678, 637.633880840499, 441.9569161182684, 424.4857585537835, 401.5236657547462, 462.42312926523635, 357.09700794791326, 387.04756377274447, 341.6225541050838, 350.60772085253313, 319.15963723646036, 449.94373100489, 411.0080084326095, 411.5071843630233, 567.2500746521456, 348.1118412004639, 292.2041369941123, 336.1316188705314, 290.20743327245685, 356.5978320174994, 338.1283225921868, 377.56322109488127, 421.4907029713004, 388.54509156398603, 526.8168242886235, 592.2088711728384, 614.6717880414617, 730.9797798278897, 693.5415850468506, 686.5531220210568, 698.5333443509892, 756.4377522789962, 882.7292626737013, 728.4839001758205, 503.3555555591724, 462.9223051956502, 414.50223994550635, 497.3654443942061, 448.9453791440624, 426.9816382058528, 384.5516841206752, 348.6110171308777, 364.584646904121, 335.13326700970356, 376.0656933036396, 357.09700794791314, 320.6571650277018, 330.6406836359789, 233.80055313569122, 323.65222061018494, 429.477517857922, 457.93054589151166, 421.4907029713003, 489.8778054379983, 516.3341297499326, 421.49070297130027, 400.02613796350454, 356.59783201749923, 310.6736464194247, 291.2057851332844, 463.92065705647786, 503.8547314895862, 496.36709253337835, 514.8366019586911, 538.7970466185561, 258.26017372597, 251.27171070017604, 244.2832476743821, 244.2832476743821, 727.5651760184212, 697.8066109360568, 668.3456315045162, 627.8739829925007, 554.1465435960109, 392.0555211239601, 899.2234936137936, 634.2106536187151, 247.0172209240263], "x": [171.0915958152873, 174.8881104942067, 123.6351623287947, 254.1403544166493, 266.47902712313737, 292.1055012058434, 328.6469549904426, 392.2385758623427, 341.46019203179566, 363.29015143558223, 381.79816049531433, 430.6782869864017, 449.6608603809987, 163.49856645744848, 172.98985315474698, 238.95429570097167, 347.6295283850397, 459.15214707829745, 489.52426450965277, 492.3716505188423, 566.4036867577707, 667.4858900840001, 623.8259712764268, 555.4887070558775, 515.1507385923587, 563.5563007485812, 614.8092489139932, 684.5702061391374, 741.9924906577935, 755.2802920340114, 726.331867607251, 718.7388382494121, 753.3820346945517, 688.3667208180568, 804.634982859964, 870.124861071324, 948.4279763240369, 928.9708385945748, 1016.2906762097215, 965.9868567140392, 1045.7136649713468, 1015.8161118748565, 942.7332043056578, 994.4607168059348, 891.0056918053807, 907.1408791907883, 932.2927889386294, 966.935985383769, 975.0035790764729, 943.2077686405227, 915.683037218357, 980.698351094852, 1066.1199313705388, 1068.4927530448633, 1101.2376921505434, 1105.9833354991924, 1084.153376095406, 1087.0007621045954, 1163.405620017849, 1159.6091053389296, 1217.5059541924506, 1219.4042115319103, 1240.759606600832, 1261.6404373348887, 1253.0982793073201, 1214.658568183261, 1163.880184352714, 1244.5561212797513, 1212.2857465089364, 1203.7435884813679, 1161.0327983435243, 1177.6425500637968, 1147.7449969673064, 1208.014667495152, 1127.3387305681144, 468.168869440731, 177.2609321685306, 105.12715326906164, 117.46582597554975, 114.61843996636019, 39.63727505770167, 248.44558239826966, 300.6476592334117, 362.81558710071715, 429.7291583166719, 79.50067918635557, 70.95852115878688, 155.43097276474393, 219.0225936366442, 336.7145486831462, 261.73338377448766, 461.9995330874871, 461.05040441775725, 579.6914881339891, 462.94866175721694, 479.5584134774894, 467.2197407710013, 472.9145127893804, 756.7039850386068, 761.449628387256, 770.4663507496897, 807.007804534289, 858.7353170345662, 807.482368869154, 844.0238226537533, 876.2941974245684, 885.310919787002, 872.4976827456492, 924.225195245926, 994.460716805935, 1050.4593083199964, 1143.4739179535218, 540.6793892827008, 547.3357239708498, 569.7252133764423, 565.7919246970814, 615.5747632718001, 238.7354033416837, 717.0717664912645, 773.12195827069, 537.5407976240004]}