{"y": [550.8316773601448, 527.7255915042574, 643.9520548976551, 603.10842432211, 571.6387417475097, 573.4242556524516, 541.7863160542579, 551.0258705354759, 530.4348634059044, 752.2892631533573, 805.7922833103114, 786.5764098736589, 751.1589176570836, 681.4542787202068, 613.6335489437862, 659.2241506268246, 676.9328967351122, 637.3708043655334, 742.1161536868942, 764.3462817802766, 564.73235347512, 530.7307929842378, 491.185499804625, 536.6441078522174, 414.6819887001403, 383.2973561261068, 421.02593690512697, 379.4767403510162, 325.51054252786076, 269.1564598452737, 250.05338096982044, 356.3133982715712, 303.0935644597557, 258.03813697134376, 251.68804316425215, 779.0195829450075, 718.374507168286, 663.2011675518701, 644.0500909908002, 620.7952123095009, 619.4272782694245, 654.081607284694, 702.4152767007276, 753.940792210273, 798.1706595060775, 743.9092759163792, 699.6794086205748, 511.1004986124319, 358.6214509452463, 898.1556139531583, 434.9041190851979, 453.0232454055085, 413.16116750082523, 453.7480104583209, 498.0772174953478, 456.68401341949135, 529.3333103689537, 373.05284600092415, 420.7817445781872, 353.15053300720575, 368.6081876600694, 244.41188463574508, 233.13242851581666, 232.2300720262224, 655.6028474091215, 179.63148042691896, 192.30286942973214, 209.00606402434957, 148.81696626098682, 161.48835526380003, 227.14918918746847, 117.71446598135442, 187.30083855056256, 184.44497625636794, 12.856699140550392, 114.64062113157662, 772.4320995103029, 76.56045730541403, 114.0562493091931, 120.60313362731327, 64.95461692329194, 32.220195332691155, 69.41840168564659, 818.9109829709741], "x": [52.31045365770621, 113.78829452278431, 228.22485421397164, 241.50436625682946, 231.36029455742417, 293.3313507574274, 308.2531294847338, 386.08996973594174, 268.2156493555182, 384.09884987972316, 442.9323934029338, 430.60201002980585, 498.5952669159116, 531.7111536894554, 531.3588570216517, 504.9366069363774, 410.5210999649974, 380.22358653388295, 440.46631672830824, 323.1515263496906, 468.022605256543, 443.0095418424834, 608.9412723780057, 668.8317059046274, 638.8864891413165, 252.56485186420133, 283.7286006314448, 391.73446964668585, 379.7812509414418, 491.2023253010383, 448.08535782855074, 716.2691973486394, 706.4256139835372, 732.8478640688114, 679.2262388957549, 937.2331167726877, 959.9500348460035, 953.2190961576136, 999.4942996402939, 1052.5004418113642, 1142.1060631005541, 1159.3540934895532, 1076.9000945567775, 1110.1341043307023, 1171.5539198622598, 1191.326052259405, 1154.7265731412851, 919.440846164525, 884.4702210516621, 434.30919814867343, 945.873134114415, 841.6036821112327, 872.553980544454, 870.4505622043322, 1205.4571708673486, 1133.4021406348008, 1169.8088927522988, 1209.249540879588, 1224.7982579297695, 468.38352796128044, 522.9459924707069, 261.85991146272204, 334.6236796975573, 136.68890539208277, 579.0221890990931, 1168.410575396091, 1132.6006552805193, 1117.4809112317223, 1216.6876528852322, 1224.1148955758692, 1176.6335940892964, 1086.9761644666057, 936.1347068043092, 971.2172379175333, 1247.1962255496478, 722.7476544606224, 1094.1457539176622, 24.178490178659285, 47.93986425534592, 29.92299819719891, 78.2290883531003, 169.3578746472062, 58.12331028821162, 195.18656085487308]}