{"y": [780.2078403656742, 806.716603407272, 718.546152421088, 737.5633085161473, 752.5465224092244, 770.9874010468576, 798.6487190033075, 741.5972507181297, 707.0206032725672, 696.6476090388985, 695.4950541240464, 702.410383613159, 655.1556321042236, 662.0709615933362, 640.7487044618689, 613.087386505419, 619.4264385371054, 640.7487044618689, 593.4939529529336, 574.4767968578742, 508.2048892538797, 497.25561756278495, 531.8322650083473, 538.1713170400337, 518.0016060301224, 508.78116671130573, 432.11301757932137, 749.1679441893274, 742.300637821667, 752.3374702051706, 786.1457477074982, 765.5438286045173, 638.7627879707886, 646.6866030103967, 682.6078978566197, 676.7971001609072, 659.8929614097434, 611.2935625001473, 652.4974007061091, 565.8636896063946, 539.9792271436748, 548.4312965192569, 574.3157589819765, 564.8071809344468, 530.4706490961453, 492.4363369060266, 516.7360363608246, 533.6401751119885, 598.6154584367745, 604.4262480719656, 724.8682366740079, 669.4015313967516, 665.7037510449345, 385.06066345514296, 422.019257724733, 378.5679374348096, 324.1289269566297, 359.08975937380944, 417.0248530937073, 356.5925570582966, 301.1546656539116, 434.00582883919463, 270.1893645624091, 250.7111865014089, 258.20279344794744, 248.71342464899863, 244.7179009441781, 233.23077029281902, 247.21510325969092, 206.76042574838294, 159.313581753639, 141.83316554504913, 356.84659534638, 414.8644809276615, 446.2255001607865, 450.9296530457553, 526.1960992052555, 549.7168636300993, 184.3609895641921, 181.2248876408796, 109.09454340469189, 112.2306453280044, 11.875383782004164, 30.69199532187921, 226.69836552891093, 894.6880751944751, 816.2855271116624, 535.604404975193, 242.37887514547347, 452.4977040074115, 468.1782136239741, 320.7814232282862, 369.39100303963005, 173.3846328325983, 152.999970331067], "x": [937.2546856202424, 944.2813695978267, 951.308053575411, 1031.1111073208326, 1110.9141610662543, 1095.3550751158891, 1171.1428808741198, 1191.2191208100749, 1213.3029847396256, 1157.59141891735, 1177.667658853305, 1073.7731171847374, 1158.0933249157488, 955.3233015626021, 999.9929354201022, 1139.0208969765915, 1051.6892532551867, 1069.2559631991473, 1184.6943428308894, 1061.7273732231642, 919.6879756762817, 1204.7705827668447, 1170.6409748757208, 1068.2521512023498, 1024.0844233432483, 971.3842935113662, 945.8248373058809, 501.505289252092, 439.244057549884, 382.88125832472736, 430.0687181411376, 322.58617078153645, 375.01668168865893, 228.86663253505498, 530.9974516373484, 406.47498823293245, 503.4714334111091, 530.3420702510094, 580.8064369991148, 229.522013921394, 308.1677802820778, 385.5027838700835, 296.3709153279752, 468.7362199351404, 444.48710864059626, 607.021692452676, 533.6189771827045, 667.3167799958669, 443.83172725425726, 243.28502303451367, 244.59578580719173, 316.68773830448515, 349.4568076214367, 249.33921108783602, 282.58322451071047, 392.5441919863722, 380.6104435781608, 716.4602202092516, 638.8908555558779, 469.2611460391594, 706.2312930022133, 359.3001785634977, 490.57141105382254, 679.806564384031, 730.9512004192226, 446.24605982332326, 259.5681382948743, 339.6947347500076, 309.8603637294793, 515.2913184708318, 668.7252265764063, 747.999412430953, 883.9103770207485, 869.2464259005856, 869.2464259005856, 846.435835269221, 113.23827926107433, 51.32381897594195, 934.4195419901986, 971.894083741726, 1085.947036898549, 719.3482588944755, 1245.6211713181008, 1050.1018230492616, 139.30752569691953, 434.21587600241855, 191.44601856860996, 266.39510207166495, 25.25457254009673, 1133.1975460635183, 1146.232169281441, 1160.8961204016039, 1208.1466295665732, 1165.7841041083248, 1217.9225969800152]}