{"y": [551.4120483012266, 530.062677738911, 514.3842337322105, 508.3797232615593, 498.70578972551004, 516.3857372224277, 464.01306256174723, 439.3278528490698, 446.33311506482966, 476.0220835030497, 444.66519548964874, 486.36318486917133, 477.69000307823063, 564.755404902674, 407.30379700559644, 398.9641991296919, 385.6208425282447, 408.97171658077735, 429.98750322805677, 276.6231595767676, 420.4866226757525, 438.28416450243105, 423.4528796468656, 333.4764181897685, 330.0157850568032, 317.16200484864646, 338.4201798082903, 265.7468840160196, 249.92684683674972, 195.5454690330097, 170.82666094040061, 259.8143700737934, 276.6231595767676, 365.11649254830814, 285.02755432825467, 446.43871934773443, 473.6246084810428, 528.4211662653674, 609.9788336652924, 575.1469132132411, 569.6247794830379, 555.1822758809678, 570.4743385184538, 405.235106130064, 386.96958686862246, 588.7106047959032, 601.8859694976919, 669.2267224179454, 465.86930538045567, 257.7622589652132, 319.16089840611716, 342.1853881964562, 739.5391449389474, 797.0787704562674, 669.5585193097745, 830.9027395103677, 687.5231894058796, 677.8187707186892, 666.5729129786924, 769.4895504780565, 669.9807486574794, 691.109329865958, 735.4111936901876, 629.0867205120368, 596.030714427804, 694.8579491126236, 771.5342518853286, 902.122411449096, 938.8934384000627, 866.9161090492344, 775.3797228095938, 303.1134754137391, 353.48464658420244, 313.1209928648245, 523.7125839318195, 481.0858393356134, 521.4732487454617, 502.1205819048015, 546.2016563751941, 615.81749959368, 618.7741570276698, 857.2958726310142, 745.7666255176575, 699.4680579717726], "x": [388.7054708272083, 365.74816208644995, 381.5807888042143, 415.62093624740766, 456.3899500456509, 499.9296735195029, 456.3899500456509, 424.7246966101222, 367.7272404261705, 350.3113510366297, 324.1875169523185, 301.62602387950426, 269.16913910808734, 263.2319040889257, 280.2519778105224, 336.4578026585859, 224.441968630403, 228.0043096419, 505.0752772027763, 1196.1230865404304, 1033.7847820165055, 975.44445382822, 960.225237779102, 1037.1668300274207, 1068.8735301297497, 1081.133454169317, 1116.2222022825613, 1059.5728980997333, 1084.0927461788676, 1080.2879421665882, 1128.9048823234928, 1125.9455903139421, 1018.5655659673876, 1093.3933782088843, 1089.1658181952403, 569.8614109206327, 550.8373908592353, 521.244470763728, 523.7810067719143, 533.0816388019309, 627.3562271061894, 592.2674789929453, 726.7038874268206, 626.933471104825, 516.5941547487198, 128.71695910379134, 184.0524039490457, 266.5644282153421, 106.87658756571415, 552.0164343768242, 490.66086117880735, 485.18782882781056, 698.6885183746433, 634.6285501678984, 762.3505985801041, 729.7237824748055, 449.12290464170354, 966.9990658876031, 987.7804246213389, 924.5328110838824, 920.0151244026355, 932.6646471101268, 970.161446564476, 1055.0939561719176, 1103.884972329384, 846.8286001664358, 829.6613907776976, 1213.8809171288492, 1221.7889411543713, 1095.5900577470813, 1174.3407970012388, 225.11279098967412, 199.956736575153, 355.84179507825104, 911.3640230372924, 857.8356528645368, 1250.730331019387, 1252.6050479473124, 1236.5658031195062, 1179.9076915199832, 1243.0231614268048, 953.7225719078449, 71.0140995098381, 103.65749428185694]}