{"y": [939.1768377140581, 915.5021292763802, 976.482438888581, 992.265577847033, 893.9796670603093, 905.4583135755471, 830.9902163470407, 802.537188313451, 803.2667531348251, 898.8397447348314, 937.1418978569714, 574.9789227783557, 546.7562836357263, 569.6031819892834, 508.11814671426936, 488.96707015319936, 466.45615559895924, 461.8242743521453, 429.79061897154855, 435.2431560576076, 372.8797631358076, 330.2818171509715, 341.5276748909682, 389.5781579618633, 418.54476123155183, 457.39408796972236, 391.6228593691355, 524.7008974094969, 501.71960553621295, 556.0721847285829, 522.1474205346875, 606.4121574033954, 672.4377737377508, 603.7405243118561, 539.6516145921352, 573.657974851579, 775.9600811536269, 695.424764457338, 730.2782838679168, 740.1609982548053, 712.2551438372464, 758.8872952981674, 797.808618564763, 839.6674001911017, 853.2531451049133, 744.2000034994521, 701.6068572831776, 741.629727434677, 739.4266336648697, 840.2885753170048, 812.8338991442429, 747.9722266860928, 692.0333239840902, 669.330562235149, 735.8913527641309, 675.8318487519333, 707.0999410469434, 555.2067387639007, 594.2192576331681, 566.2654055299923, 601.5917021438958, 644.597628456474, 604.6635540233657, 662.7215545453462, 704.8059252940834, 609.7017067935991, 552.5652618354596, 597.7214844636667, 617.7653179772076, 459.7374695062938, 470.5729470342676, 469.9412636259971, 723.6334876694121, 989.9086281262, 910.7124468586175, 935.5512491652684, 921.0844253491672, 1012.4960176062042, 875.3273806175681, 957.7298072843473, 988.6307172843894, 298.67431524526984, 221.7599537365905, 252.41127577142578, 190.61425553990304, 488.90840130244425], "x": [17.559481396331346, 112.45784203593637, 161.9700301957303, 118.08422705409477, 203.98037166464636, 260.99440651531813, 451.21911263037185, 385.07023241688523, 335.9310642582952, 344.43592028574346, 347.5858669625761, 466.06784654036494, 415.31640304323815, 385.4437179468281, 340.4740844683613, 421.0982130618982, 375.4861562480247, 757.7401089566225, 730.2899815346976, 677.244465030167, 686.1472090588994, 708.7750167985943, 674.64783135512, 579.3142807141106, 624.5698961935003, 594.8940827643922, 544.8161476027725, 892.5717376926565, 834.2894348378915, 816.2808581131046, 757.0162692551694, 827.7408614834235, 777.971703989467, 691.5910063189307, 671.9867329223272, 616.8212194109547, 569.0619117000349, 552.1889736455797, 471.5420493853027, 694.1812432585037, 698.1476892713049, 726.6339833632406, 730.6004293760418, 697.7871032701412, 810.6505216343927, 772.7889915121997, 824.7133756797787, 844.5456057437844, 880.243619858995, 1005.6344805249992, 1023.4233899157438, 1034.1580766170553, 1118.8087488902538, 1225.2665274129804, 1215.118311046895, 1186.0496912864135, 1183.6416399453085, 1140.5299606920964, 1124.0797786390058, 1176.0704774734654, 1173.2272361309558, 1095.4442765465885, 1081.0249811667188, 1048.1246170605375, 1076.7601191529548, 1209.5576331625493, 1226.5852838529204, 1236.2235766965268, 1273.8129187865914, 866.9128570293507, 832.5867275852344, 127.82400035634156, 173.77446095780616, 1110.1166549399397, 1064.1605907916226, 1156.0727190882567, 958.1811033001335, 788.670453086394, 596.1847758968638, 603.9580982552844, 586.4054348653023, 1166.3917936084479, 1238.7263725275209, 1216.1611881109447, 1240.7057746693258, 1249.295823025174]}