{"y": [563.2974379968289, 528.7487038899162, 582.621306226119, 663.4302097304231, 711.4470944213865, 701.4923744244795, 705.0058050116231, 641.7640544430373, 652.3043462044683, 761.2206944059218, 772.9321296964006, 851.984317907133, 858.4256073168962, 963.8285249312057, 937.4777955276281, 709.6903791278146, 820.3634426228397, 770.5898426383046, 788.1569955740229, 751.2659744090146, 764.1485532285412, 700.3212308954315, 577.3511603454042, 498.29897213467217, 446.18308509204155, 416.3189251013206, 476.6328168472864, 449.11094391466116, 493.61439801848064, 419.83235568846413, 374.7433298201207, 429.7870756853711, 462.5790944987118, 452.6243745018048, 521.7218427156298, 488.9298239022891, 432.1293627434669, 358.9328921779743, 433.3005062725148, 392.89605452036284, 388.7970521686953, 409.87763569155715, 463.1646662632359, 524.0641297737258, 550.414859177303, 805.1385767452172, 836.7594520295099, 718.4739555956739, 748.9236873509186, 731.3565344152004, 603.7018897489812, 677.6192009471416, 640.6609830222698, 571.3574194726443, 552.2063429115744, 579.0178500970724], "x": [532.313187837486, 602.0223367291295, 614.1206187681751, 641.7738348574221, 661.9376382558314, 698.8085930414941, 846.8685208526709, 774.2788286183975, 702.841353721176, 607.7834234143893, 562.2708386008369, 610.0878580884932, 665.3942902669874, 708.6024404064358, 998.9612093435293, 1039.8649248088739, 1078.4642056001146, 1070.3986842407508, 1015.6683607307828, 952.8725158614509, 946.5353205076651, 971.3079932542823, 1200.599243327622, 1022.0055560845684, 1014.5161433937308, 803.6603707132225, 659.0570949132014, 623.3383574645906, 632.5560961610063, 594.5329240382916, 582.4346419992461, 550.7486652303172, 547.2920132191613, 576.6735553139863, 465.4845822884722, 437.25525753069917, 432.0702795139654, 621.0339227904867, 703.9935710582278, 210.84455079998924, 247.13939691712596, 375.61162999841946, 128.46101120077412, 90.43783907805948, 168.7886179975927, 218.91007215935292, 187.22409539042405, 124.42825052109228, 769.0938506016641, 785.8010019889176, 932.7087124630422, 403.95568624595285, 266.9827418038911, 827.57960431409, 796.0594142123629, 886.067068169517]}