{"y": [730.044226013244, 687.6526700765598, 638.6374335247688, 619.2079703871218, 671.3142578926295, 655.4174244163729, 747.7073743201958, 780.3841986880565, 792.7484025029227, 698.2505590607309, 663.8074198621749, 726.9531750595274, 605.960609156908, 573.7253634967211, 524.71012694493, 556.5037938974432, 524.2685482372563, 615.2337620180577, 684.5616191228432, 519.93498590669, 549.3599670740183, 585.8118094156338, 580.9808423583112, 671.0125011538676, 575.2715176542027, 518.1782706131182, 428.5857906409548, 422.4372871134534, 442.20033416613654, 468.551063569714, 697.1251111798633, 582.0458601452234, 620.0504276165397, 609.0397585360648, 631.4162795705781, 642.0717657774893, 712.7531576166663, 733.3537642833611, 709.2013288810292, 609.4648758304545, 571.1099252541362, 590.2874005422954, 560.4208406672933, 533.6981292001864, 550.0461409212401, 459.2890798965638, 490.3987798290387, 391.7059386639458, 363.4569007942272, 343.7898491127775, 309.46190435970175, 420.6701420493535, 364.88723182560534, 439.2644454572696, 352.3718353010465, 326.2682939783951, 450.4097497450361, 380.3235292075064, 347.0683327279642, 340.27426032891793, 392.83892573206526, 346.71074997011965, 352.0744913377877, 376.39011887121643, 398.9178326154224, 279.8427742531908, 280.91552252672443, 490.7432918304186, 425.15205455089443, 410.2943709682398, 857.2662906589792, 880.7659575369237, 826.7901601766449, 395.0359415722859, 296.5926883723999, 306.6722023519104, 331.1990197020526, 296.5926883723999, 385.9643789907264, 410.8271801401857, 505.4686053309353, 440.6717297483678, 349.3081351769476, 381.3825885903185, 379.7626667007543, 678.3969667646417, 705.9836365728496, 471.4097643012619, 394.805458056982, 308.101822968325, 275.57859119443776, 264.86070799622496, 294.4272823361224, 426.75450081826557, 483.658157001164, 463.53752719063635, 290.12840700487124, 912.44521076803, 915.2218768809571, 984.6385297041336, 938.394785979562, 955.9475396095953, 797.3910202437562, 328.60888629399034, 969.475604687463, 954.1763423971346, 979.6751128810154, 970.6995456706893, 1006.5866623037696, 999.9956051156053, 999.3660869441165, 319.50438653108586], "x": [824.0422406491194, 813.7945522827131, 791.0714172093772, 730.9219420152529, 715.7731852996957, 692.6044985582552, 714.8820819634864, 709.535461946231, 795.5269338904235, 593.6920282390284, 621.7617833296199, 636.4649883770725, 661.4158817909314, 656.5148134417806, 659.633675118513, 814.2401039508177, 854.3397540802339, 869.9340624638958, 878.8450958259883, 911.6674035186895, 913.7293751920109, 952.4944426504533, 986.7231724275886, 968.9902160370245, 1063.0161243404805, 1110.853867161537, 1082.811052404366, 1145.0825969386722, 985.89838375826, 857.6437456776688, 490.97097402412794, 489.7358633534751, 497.14652737739203, 441.56654719801514, 400.49911739880883, 348.006913896064, 372.4003496414572, 398.64645139282965, 420.260888129254, 221.60749309096093, 185.1095583065021, 170.0809969246661, 158.73289955470833, 198.60459301672216, 303.49781735525096, 396.0912424394027, 359.6513329884645, 392.1869664268022, 387.63197774543494, 342.08209093176214, 302.06326180260675, 448.7989686095098, 425.0479561995233, 478.7317513727805, 514.520948154952, 411.05763382103805, 91.41223284812108, 97.01374986619922, 103.60376988746762, 128.97534696935097, 144.79139502039513, 202.12456920543022, 239.68768332666014, 280.5458074585242, 267.036266414924, 216.62261325222073, 190.92153516927394, 562.1502375026287, 606.2785036450467, 653.9090131321011, 925.5241732847746, 1012.7300325662197, 1056.858298708638, 950.1210876513283, 874.3130617400014, 836.2463706171463, 1003.4795264902021, 1014.2162855248536, 1026.9051825658053, 1026.579826231422, 1046.5246279873397, 1218.631911876126, 1090.9595994640808, 1124.129366904465, 1163.244658697371, 277.8287222540053, 305.6124953436737, 752.0333670756052, 854.0046014047035, 241.09089951748845, 266.98677693439726, 334.4619504854976, 463.9413375700416, 539.5541140498611, 528.7614020150291, 633.6048903533974, 341.1313683589205, 1185.4809145216077, 1144.5233183894225, 1151.6853024125369, 517.4482043119925, 649.5055740715233, 303.2324502266784, 1140.261332016435, 1009.0605740938975, 1000.3319060657268, 1071.2803102947032, 1077.994670316373, 239.54024333615337, 319.6877352614853, 768.7215024265423, 55.15419221349451]}