{"y": [555.0632794703758, 514.21724901055, 585.2538237232906, 570.6025301887878, 538.6360715680545, 515.1052061944591, 472.4832613668147, 444.95658866562763, 423.2016376598508, 382.79958579197955, 479.5869188380888, 533.308328464599, 579.926080619835, 545.295750447374, 501.7858484358203, 503.1177842116842, 447.1764816254008, 380.1357142402518, 364.5964635218397, 349.94516998733695, 341.509576740199, 403.2226010218925, 407.6623869414388, 355.27291309079254, 492.9062765967272, 457.83196783231153, 453.8361605047199, 335.29387645283396, 405.44249398166534, 402.7786224299375, 290.0080600734618, 303.7713964240553, 555.0632794703753, 513.3292918266401, 544.4077932634641, 318.42268995855807, 407.6623869414384, 347.2812984356089, 330.410111941333, 178.12545490089525, 223.85524987222192, 233.62277889522375, 250.04998679754496, 217.19557099290247, 254.4897727170912, 318.8666685505122, 327.30226179765015, 408.10636553339253, 404.9985153897101, 460.4958393840386, 479.5869188380876, 533.752307056552, 694.0285787521724, 674.9374992981235, 934.2209969996255, 811.238927028194, 930.6691682639885, 902.698516970847, 867.6242082064315, 835.2137709937438, 960.8597125169031, 906.6943242984385, 827.666134930515, 829.8860278902881, 776.6085968557329, 832.1059208500612, 937.7728257352624, 856.5247434075656, 842.7614070569721, 769.5049393844586, 751.7457957062735, 935.5529327754892, 907.5822814823476, 876.0598014535691, 835.6577495856981, 827.2221563385601, 816.5666701316491, 788.1520402465529, 740.6463309074078, 673.1615849303045, 722.4432086372681, 733.9866520280883, 734.430630620043, 619.8841538957491, 636.7553403900249, 683.8170711372154, 637.6432975739342, 587.4737166830613, 758.4054745855926, 704.2400863671282, 805.9111839247378, 591.9135026026075, 259.8266135263994, 754.5476582605155, 725.4178628597301, 750.2638648192235, 716.2791035183072, 744.9802764226253, 814.4425270471377, 914.4881564982398, 944.5559961209303, 908.0177579452047], "x": [551.1880153928375, 527.6877553169936, 499.83559522710453, 462.40925510631604, 446.3072250543489, 475.9001451498561, 455.01102508243923, 459.3629250964844, 404.9641749209198, 412.7975949462011, 400.1770849054701, 384.94543485631203, 344.0375747242874, 329.67630467793833, 311.8335146203531, 343.1671947214784, 312.70389462316217, 320.102124647039, 297.90743457540856, 318.7965546428254, 386.68619486193006, 554.2343454026692, 520.7247152945214, 532.0396553310388, 647.8001957046403, 647.3650057032357, 687.4024858324514, 600.7996755529525, 721.3473059420036, 748.7642760304882, 680.0042558085745, 843.6356963366728, 873.2286164321799, 779.6627661302089, 799.2463161934121, 1067.7585470599993, 1164.3707273718019, 1240.9641676189965, 1267.510757704672, 544.2249753703662, 536.8267453464895, 506.3634452481734, 565.114095437783, 371.01935481136894, 440.21456503468704, 332.7226346877715, 274.8423645009708, 215.65652430995664, 239.59197438720506, 207.82310428467534, 149.94283409787468, 151.24840410208827, 302.6945245908599, 351.4358047481657, 41.58052374815009, 12.857983655452022, 122.96105401079461, 578.6049854813232, 591.2254955220541, 612.1146155894709, 799.6815061948175, 834.9318963085834, 811.866826234144, 841.4597463296511, 805.7741662144808, 884.9787464701027, 933.7200266274084, 988.9891568057819, 954.6091466948252, 932.8496466245994, 968.1000367383651, 1127.3795772524181, 1082.5550071077528, 1099.9626071639336, 1062.9714570445497, 1044.69347698556, 1105.1848871807877, 1096.9162771541019, 1041.6471469757284, 992.0354868156138, 834.0615163057741, 874.5341864363943, 914.5716665656098, 846.2468363451006, 1110.4071671976426, 1197.8803574799504, 1183.5190874336015, 1194.3988374687144, 1184.824657437815, 1149.1390773226442, 1163.935537370398, 1116.4998272173054, 722.1528997249588, 675.6167252329423, 662.8511518584098, 763.2349788490518, 780.0623255700265, 499.302284529898, 476.9065781242855, 1200.6617213577972, 592.3187156133905, 549.5975638088471]}