{"y": [273.8607073292484, 265.39391558645957, 259.7493877579337, 259.39660476865083, 231.52674861530426, 372.2871613391685, 341.595041271559, 325.0142407752642, 694.9359512108433, 693.4816213366569, 659.0624809809093, 617.3716912542292, 590.708976894143, 675.5448862216898, 632.3997666208231, 645.9735121132306, 525.2641325557498, 516.5381533106307, 477.2712467075948, 424.9153712368802, 492.2993220741888, 536.8987715492419, 495.69275844729066, 466.1213843388315, 435.5804569809147, 391.76692127032226, 458.1117222140289, 414.34743246870664, 372.44545292531296, 697.572637452316, 667.0317100943993, 643.4456473823446, 704.225116678793, 676.1032726759587, 609.1278350508535, 750.8170029914012, 767.7267560830794, 611.8616747131889, 643.7417374998121, 642.2658086670981, 648.464709764497, 617.765390044045, 867.4538237463611, 828.74609018076, 741.3325305346395, 771.3358838136492, 752.8231764712815, 866.1337127909455, 864.8569743535409, 803.573529358117, 704.774399861072, 910.906238979068, 959.0359182312307, 1011.7420637173076, 1008.4986201117579, 936.5347151136255, 562.213016946297, 917.2152790039986, 315.48257362151054, 526.9401467601499, 496.21202842832787, 587.9308058733118], "x": [314.3545215359197, 284.42588343932897, 227.4532952554576, 164.35074505180256, 263.5118953718319, 216.27512921938157, 185.62531912046342, 311.10924752544594, 438.45024975552354, 393.0412816089722, 449.286480790496, 456.510634813811, 483.34320690040954, 544.2325050969215, 345.5682694557595, 375.49690755235014, 414.19773267725185, 373.9488745473541, 410.06964466392895, 455.9946238121457, 490.05134992205916, 457.02664581547634, 269.1986412092868, 324.92782938914524, 315.63963135916885, 699.8152283922262, 693.1982680375376, 638.3415321938281, 643.8912408784057, 727.7442341793645, 747.0666702417251, 765.1622849667929, 806.5675051004226, 832.9441638522164, 652.9940560173012, 564.0495090635781, 616.8839556221048, 926.441845720374, 918.1007040267873, 975.4007208783821, 1013.1171876667736, 987.3684459170063, 1266.5562823795096, 1198.1195461586394, 875.426310824293, 861.5002307793484, 897.3101508949201, 916.8729776247231, 947.0461510554363, 1014.355537939335, 118.63331488137752, 462.5432173410013, 501.99008246831073, 1171.2484922180754, 1199.1006523079645, 1199.7969563102117, 273.105732655714, 157.48125676388497, 767.9761109136996, 649.0298214083056, 646.470489733379, 623.6333763263419]}