{"y": [986.4600327825398, 988.4106887245566, 979.9578463091502, 1021.896949062513, 923.3888239906607, 906.4831391598478, 864.8691457301545, 871.0462228798746, 856.0911939910785, 886.0012517686706, 931.1914477587281, 899.0056247154497, 884.3757051503231, 875.9228627349166, 942.57027408716, 966.6283640387015, 977.0318623961249, 898.6805153917802, 983.8591581931839, 829.1071201265117, 798.5468437015807, 867.7951296431797, 841.461274425952, 814.4772005613851, 964.6777080966846, 954.9244283866002, 941.920055439821, 993.6124379032682, 930.8663384350587, 913.3104349569069, 1001.0899523476666, 979.9578463091503, 893.1536568893993, 863.2435991118072, 1013.1189973234373, 997.1886404636327, 981.9085022511672, 949.7226792078887, 942.5702740871601, 910.7095603675511, 856.7414126384177, 836.9097438945795, 832.0331040395373, 843.411930367969, 818.7036217690887, 941.5949461161516, 927.615245198364, 771.8878791606835, 753.6817570351927, 736.4509628807104, 773.8385351027005, 422.0702468923247, 380.13114413896204, 298.52870389792326, 277.0714885357377, 210.7491865071643, 282.9234563617885, 333.6405108542272, 323.88723114414285, 319.6608099364396, 328.11365235184604, 348.59553974302315, 416.2182790662746, 400.9381408538091, 377.8553788732762, 379.48092549162357, 265.36755288363673, 736.2305704895434, 699.253153490425, 575.8799023812165, 593.5046525396748, 634.6290695760777, 525.7703185973644, 546.8509021202264, 586.938569147308, 483.6091515516404, 550.3067354846299, 671.6064865751965, 596.6149025676385, 535.7776365463508, 493.4436778324066, 580.799465654831, 477.98842306382386, 510.9148353968915, 462.23304302078094, 398.07490548678754, 456.7376768475387, 911.0713212533998, 901.71177255814, 795.6684464679893, 746.2644286627027, 256.8236625238415, 286.44303431791735, 316.9599628330258, 745.2912922852373, 742.0442488532664, 737.0260908220387, 751.785379149179, 201.33272640509185, 213.32734804070935, 212.6217820621436, 167.81834242321943, 142.41796719485296, 130.42334555923546, 101.84792342732318, 87.38382086672561, 88.44216983457422, 101.84792342732318, 673.3188423866285, 659.5915043002475, 787.5989319557501, 694.9393998726785, 461.4553565939841, 413.361675606034, 398.962369921019], "x": [68.93920221325024, 189.26781122812048, 158.02226082094424, 131.43030302760275, 164.33785079686285, 146.38827928635735, 65.61520748908255, 212.86817376971106, 224.83455477671473, 12.763691374816341, 374.4143173642601, 344.49836484675103, 315.2472112740754, 385.3834999540135, 415.63185194393935, 456.18458757878506, 328.8755896431629, 498.73172004813136, 502.38811424471584, 544.6028472416455, 684.543025129105, 715.4561760638644, 658.9482657530137, 664.266657311682, 693.5178108843577, 629.0323132355046, 696.8418056085254, 640.9986942425082, 753.349715919376, 754.679313809043, 809.52522675781, 800.2180415301405, 911.5718647897578, 882.6531106894989, 911.5718647897578, 913.5662616242585, 916.8902563484261, 922.5410473795112, 1075.1124052188075, 1083.7547915016435, 1074.4476062739739, 1066.8024184083883, 1032.8976722218779, 994.006933949116, 1164.5278632989182, 1178.8210406128392, 1188.1282258405085, 1186.1338290060078, 1120.6511329399045, 1091.399979367229, 1037.5512648357126, 1232.669755144356, 1211.7285883820996, 1221.0357736097694, 1225.3569667511874, 1184.1394321715081, 1004.3113175940364, 1071.1236115498068, 887.306703303334, 906.5858727035065, 728.0873560157021, 710.4701839776134, 772.9612847919658, 785.9248642162197, 770.9668879574652, 788.9164594679706, 692.188212994691, 625.0365289583633, 640.3282766743821, 613.6490572549452, 594.1276771919426, 570.0513084475726, 487.08544317981153, 411.92812993725147, 451.29624639764006, 528.0803413121171, 551.8313537221036, 191.3365352253219, 214.11147863215834, 864.882702389162, 864.5138270546382, 842.3813069832084, 962.2657907034528, 977.7585547534536, 694.3495507755265, 555.1582405301219, 581.94936594992, 555.7624667297242, 595.7439938587593, 193.35982342728562, 181.94541139044713, 131.67806794659987, 132.06352194784387, 121.65626391425585, 900.4876994859552, 918.392659543741, 931.2618495852746, 1021.6259448769125, 287.99237038235765, 295.16264373883206, 307.7106221126623, 365.0728089644577, 412.3966131171889, 433.54891951878847, 427.8127008336089, 440.0021655396154, 416.3402634632498, 410.2455311102466, 343.32288635275887, 377.48530146301346, 347.87787503412613, 468.25971875597565, 1136.2087728630563, 1042.0771755592593, 1159.0562479367934]}