{"y": [412.02786960784965, 481.7925056517474, 536.135485306994, 409.82477583804234, 483.9955994215547, 361.35671290228186, 285.717160138898, 155.00026313033177, 176.29683623846896, 217.42125327487182, 146.92225264103834, 360.62234831234605, 304.07627488729213, 329.0446709451082, 361.35671290228186, 405.4185882984278, 398.0749423990701, 423.7777030468219, 412.02786960784965, 419.37151550720733, 442.136817795216, 534.6667561271224, 499.41725581020575, 490.60488073097656, 470.7770368027109, 396.6062132191986, 270.2955037502469, 300.4044519376133, 355.48179618279573, 387.7938381399694, 223.29616999435794, 195.39031557679886, 105.79783560463548, 124.89131494296538, 192.4528572170558, 354.0130670029242, 309.2168270168425, 348.13815028343805, 255.60821195153162, 227.70235753397253, 124.15695035302961, 264.42058703076077, 305.54500406716363, 284.9827955489622, 421.57460927701453, 408.3560466581708, 383.38765060035473, 356.2161607727315, 442.13681779521596, 481.7925056517473, 454.62101582412396, 334.1852230746585, 207.1401490157711, 190.98412803718426, 522.9169226881504, 549.354047925838, 575.0568085735898, 544.2134957962876, 597.8221108615985, 683.008403294147, 636.7434341281938, 663.9149239558171, 716.7891744311922, 709.4455285318346, 722.6640911506784, 660.977465596074, 713.8517160714491, 721.9297265607426, 762.3197790072096, 754.2417685179163, 816.6627586624562, 774.8039770361177, 731.4764662299075, 813.7253003027132, 871.7401029076386, 869.5370091378313, 653.6338196967164, 663.1805593658813, 711.6486223016421, 750.5699455682377, 978.2229684483252, 942.2391035414727, 991.441531067169, 977.4886038583894, 895.97413437552, 818.1314878423283, 762.3197790072098, 766.7259665468245, 784.3507167052829, 752.7730393380449, 809.319112763099, 837.959331770594, 810.0534773530349, 677.1334865746607, 652.1650905168445, 652.1650905168445, 707.976799351963, 664.6492885457526, 586.0722774226255, 575.7911731635247, 508.96399547936977, 520.7138289183421, 464.1677554932878, 461.23029713354475, 407.6216820682337, 359.8879837224088, 256.3425765414655, 271.0298683401808, 254.87384736159393, 229.90545130377782, 238.71782638300704, 232.10854507358513, 155.00026313032947, 982.0330727185471, 928.9500323107394, 619.8700276237763, 186.99235410885757, 157.16179249806814, 239.80319777834157, 252.90656595170523, 811.0537143768684, 996.4087070840237, 757.0071927900972, 773.076817934574, 723.0824285962019, 449.8988011400971], "x": [176.4729453136424, 247.81923754390297, 291.0025196832712, 210.2685574227132, 209.0168680853402, 286.62160700246574, 317.9138404367905, 254.70352889945443, 303.51941305700115, 436.82432748722476, 405.5320940529, 357.96789923272627, 350.45776320848836, 390.51182200442406, 432.4434148064193, 451.2187548670142, 418.0489874266299, 395.51857935391604, 366.10387992565074, 342.9476271842504, 438.0760168245978, 478.75592028922, 461.23226956599814, 483.1368329700255, 575.1359992669404, 513.8032217356638, 538.2111638144371, 491.89865833163645, 488.14359031951744, 551.97974652554, 559.489882549778, 548.224678513421, 537.5853191457506, 471.87162893366855, 466.2390269154901, 564.49663989927, 582.0202906224919, 621.4485047497411, 597.6664073396543, 711.5701370405965, 722.209496408267, 668.3868549012283, 673.3936122507203, 616.4417474002491, 662.7542528830498, 676.5228355941528, 677.7745249315258, 727.8420984264454, 725.964564420386, 745.3657491496673, 779.7872059274246, 873.663906230399, 619.5709707436816, 660.8767188769904, 766.6444678850083, 801.0659246627656, 875.5414402364587, 1041.39027743838, 819.8412647233605, 670.8902335759748, 657.1216508648719, 714.073515715343, 717.828583727462, 744.1140598122948, 832.3581580970908, 840.4941387900153, 860.5211681879832, 907.4595183394704, 946.2618877980332, 921.8539457192599, 871.1605275556536, 640.849689479023, 447.4636868548956, 470.619939596296, 700.3049330042402, 647.7339808345745, 341.6959378468777, 500.03463902456133, 80.71871100460855, 98.24236172783047, 112.0109444389334, 109.50756576418742, 242.81248019441125, 308.5261704064934, 757.8826425233981, 1175.9468812059781, 1155.9198518080102, 1199.7289786160652, 1267.3202028342068, 1085.199404246436, 1093.961229608047, 1063.2948408424086, 990.696859274775, 1157.7973858140697, 1188.4637745797081, 1143.4029584342804, 1122.1242396989394, 1047.0228794565596, 1113.988259006015, 1140.2737350908478, 1098.3421422888525, 1135.266977741356, 1112.7365696686416, 1161.5524538261884, 1064.5465301797813, 1137.144511747415, 1120.872550361566, 1200.354823284751, 1217.2526293392866, 1209.1166486463621, 1093.9612296080468, 1063.2948408424083, 622.0743494184279, 887.7956079983074, 1151.7445608501673, 1260.4178417798187, 1159.439095078288, 1162.5724630884004, 376.23221288323475, 424.4015290386947, 567.3776160742174, 1188.7998850010895, 747.3062355300654, 608.8039090830677, 571.1102379614165, 549.1953128906889]}