{"y": [857.1257365964616, 823.4553601363349, 795.3047175221305, 790.3369570608004, 879.7566453647436, 843.8783753662478, 772.1218353692564, 737.8994855245373, 658.4153181432546, 627.504808606089, 663.3830786045847, 649.0317706051865, 693.1896413725658, 714.164629987071, 710.8527896795175, 718.5804170638089, 644.6159835284485, 653.9995310665166, 637.9923029133416, 732.379751678615, 792.5448505991693, 856.021789827277, 840.5665350586943, 791.4409038299848, 775.985649061402, 725.756071063508, 693.741614757158, 650.1357173743709, 640.7521698363028, 662.8311052199924, 622.5370481447588, 659.519264912439, 699.2613486030804, 731.2758049094305, 680.4942535269442, 734.5876452169839, 772.6738087538486, 790.3369570608003, 839.4625882895098, 864.3013905961607, 833.9428544435873, 759.4264475236347, 758.3225007544502, 805.2402384447907, 642.9600633746717, 491.7193559963974, 448.1134586136103, 410.57926846133785, 356.48587677129814, 486.7515955350672, 470.7443673818922, 256.02672077551017, 180.9583404709653, 123.00113508877995, 167.71097924075153, 146.1840172416541, 187.58202108607222, 235.60370554559725, 233.94778539182053, 152.80769785676105, 288.5931504664524, 319.5036600036179, 321.15958015739466, 297.42472461992827, 262.65040139061705, 244.98725308366534, 219.04450400782997, 188.13399447066448, 342.68654215649207, 355.9339033867058, 391.8121733852015, 383.5325726163179, 344.3424623102688, 414.44308215348343, 443.69767153687224, 485.64764876588254, 524.8377590719317, 508.83053091875666, 488.4075156888438, 455.84108599790153, 397.8838806157162, 495.03119630395065, 421.61873615318257, 238.91554585315066, 426.5864966145127, 342.686542156492, 363.66153077099716, 276.449736005423, 390.708226616017, 392.91612015438596, 413.3391353842989, 698.1574018338955, 905.147421055987, 997.878949667484, 911.2191282865016, 556.8522153782801, 559.060108916649, 566.7877363009404, 483.9917286121036, 449.76937876738435, 383.5325726163149, 448.6654319981999, 507.1746107649779, 566.2357629163482, 482.8877818429191, 405.6115080000047, 621.0371225199187, 643.0680602179916, 599.250973018491, 557.8907746753616, 505.534899204647, 472.3277004107216, 539.226874623301, 801.5998738415145, 362.649614818118, 234.4983883346811, 917.329980699801, 387.9170399141907], "x": [658.260259533931, 675.698944590212, 645.5775794929993, 586.391739301985, 539.8885791519024, 553.0997041945394, 481.75962896429905, 462.73560890290156, 447.939148855148, 451.6382638670864, 563.6686042286492, 604.887314361677, 642.935354484472, 559.9694892167107, 708.4625346959521, 739.1123447948702, 701.5927496737808, 757.6079198545622, 791.4283999637132, 786.1439499466584, 788.2577299534803, 884.4347202638781, 889.719170280933, 877.5649352417068, 891.3045052860494, 893.4182852928714, 926.1818753986114, 926.1818753986114, 903.4587403252756, 882.3209402570561, 1089.9998259273113, 1109.5522909904143, 1127.5194210484008, 1098.4549459545992, 1047.7242257908727, 1045.6104457840506, 1073.0895858727358, 1049.8380057976947, 1084.7153759102566, 1026.5864257226533, 994.8797256203243, 1186.1768162377095, 1140.2021010893325, 1180.8923662206546, 1195.1603812667026, 1229.5093063775591, 1233.2084213894975, 1236.3790913997304, 1254.3462214577169, 1057.2362358215714, 1029.2286507311808, 1257.5168914679498, 1248.5333264389565, 1236.3790913997304, 1142.3158810961543, 1076.2602558829687, 1078.3740358897908, 1051.9517858045165, 1127.5194210484008, 754.9656948460337, 720.6167697351771, 730.1287797658758, 677.8127245970328, 668.8291595680396, 656.1464795271079, 540.9454691553121, 633.4233444537721, 628.1388944367172, 447.4107038534412, 417.2893387562285, 418.874673761345, 461.6787188994893, 391.92397867436523, 375.0137386197897, 360.21727857203615, 354.4043835532758, 379.7697436351391, 470.13383892677706, 561.5548242218259, 558.9125992132986, 568.4246092439972, 656.1464795271078, 672.5282745799778, 366.55861859250194, 294.6900983605561, 216.4802381081443, 323.2261284526523, 248.18693821047341, 97.05166772270468, 121.88858280286247, 212.78112309620593, 343.30703851746097, 104.44989774658156, 76.97075765789629, 1212.0706213212793, 1255.9315564628346, 1234.2653113929096, 1194.6319362649983, 916.1414203662075, 908.7431903423306, 818.3790950506934, 810.4524200251111, 833.175555098447, 748.0959098238638, 725.3727747505279, 720.6167697351787, 307.88263849164525, 286.7759234235262, 257.83578833012587, 410.91652688071247, 586.4037864470739, 756.0615723279541, 1029.8458192115543, 38.16341549736349, 809.0751360175019, 1015.7906841778128, 726.3810298705928, 1064.4935877800733]}