{"y": [875.1013350718652, 840.9029840699545, 790.7454026004855, 758.826941665369, 735.5720629840697, 722.8046786100231, 658.9677567397898, 647.1123283924609, 681.7666574077303, 727.3644587436112, 703.1976240355943, 766.7645310935442, 791.9825151165671, 803.5691564244426, 817.2004991395901, 792.3232986844458, 760.9712104396065, 740.1834127990065, 681.2278555559934, 674.0714006305409, 681.9094226917508, 649.875767311154, 702.0156531965933, 699.2893846535638, 651.9204687184262, 633.1773724850983, 780.0101354748772, 814.6068672674065, 779.0309826882961, 844.9606036514182, 858.0159741391651, 763.6909223651935, 752.2674731884149, 737.5801813896995, 680.3630625871683, 618.6140400412623, 693.7544168742322, 596.295116229489, 544.9615914624106, 520.41077526946, 644.6527844883311, 588.4834928953684, 530.8262730482875, 576.2080847988932, 559.4688919400631, 600.0915491862675, 603.928964151324, 596.8445057542965, 514.782862655396, 448.77735414053126, 346.19670044048434, 365.59496508248037, 398.4733797299313, 413.26866632128423, 466.8604821966293, 518.4795931931272, 490.2041565963194, 461.5999358530371, 596.0610935293712, 587.6015014394249, 565.6065620055645, 462.73792219181723, 445.4803543283267, 442.77328485954393, 303.08229039400095, 317.59679052449604, 306.53812375840454, 278.54587350673535, 297.2073736745148, 247.44337322710294, 214.26737292882837, 191.11328938732422, 307.03302958221707, 344.12564102681574, 275.2393626297039, 225.56175801640217, 329.5535436735806, 293.78566835200326, 190.12506672558024, 475.26368462279623, 456.9621670971421, 650.8500831239361, 635.1260413158998, 667.0733008623864, 273.42650434014627, 303.4538564619642, 366.11963480314955, 376.89031545554076, 397.77890823593583, 317.1126077187903, 194.43532305102408, 192.67860775745226, 248.60071126948887, 824.4828639118093, 600.2388300728641, 394.33160014404893, 167.40620038208704, 136.57248714190823, 197.8175339888387, 845.2705713223851, 313.7405854498481, 325.3824240961827, 405.0297701326498, 395.05105129293435, 81.72484891045721, 791.0871485243046, 773.7929671918907], "x": [280.1286270507854, 237.45513891306246, 276.84605104019136, 262.07445899251803, 239.91707092100802, 311.31309915142907, 277.2563730415156, 219.40097085479508, 182.47199073561177, 151.69784063629234, 55.682492326415755, 1019.0170583918591, 1002.3140516712857, 979.5080232643489, 945.7807981554989, 886.3566396303821, 917.8353830653089, 969.871673233249, 988.8231616277457, 1033.1503717708058, 904.6657046894721, 883.4657346210521, 881.538464614832, 822.756729425122, 820.5082477511986, 856.1627428662687, 1063.8226052905522, 1094.3563647224291, 1121.7215264774131, 1128.058721831199, 1064.3987139590781, 1202.6647944053134, 1186.2456973523228, 1132.3795368451438, 1069.1594569198876, 1086.4012703088665, 1158.3526838744133, 1174.2682039257786, 1185.5416972954956, 1198.4730573372299, 1211.7359907133675, 1140.1161504822242, 995.5501766823236, 1019.4234567593713, 1077.4487902799735, 273.5804176574494, 185.89377704111925, 132.41307053518412, 161.1894912947228, 458.33021583587816, 471.48538787833473, 432.0198717509651, 420.8665737149693, 395.4141756328251, 375.96739957006326, 318.4850173845466, 315.339215374394, 302.1840433319374, 725.2498073041571, 796.8696475353005, 818.6540156056066, 794.4823195275957, 825.5175836277579, 864.9084957548866, 553.1523931179273, 500.86327828250455, 456.4490301391636, 439.7543127519503, 374.2354218738302, 403.21493130069103, 489.83846491359014, 510.9431076483692, 811.3971837542035, 763.7252276003487, 751.6601028947435, 712.2277441008142, 711.6392014322481, 688.9803086924529, 795.8008030372017, 569.2068577188234, 520.7764275625207, 424.6946652948899, 362.23453842664156, 476.2128721278246, 1084.0173506975557, 1042.9602825650493, 1071.3844066567844, 963.2148233076815, 986.1120343815792, 1172.3698993441008, 1130.9211602103305, 1064.4158386623603, 1135.3704598913569, 1249.6762904743186, 1235.5045367532528, 1273.6532843589928, 644.1918086454077, 572.9698564155485, 582.9170564476517, 359.08935568797534, 586.5676816547564, 630.4700634631121, 861.150260680115, 755.3120523385364, 45.210168793675685, 357.72449594104717, 382.9251853345331]}