{"y": [525.5839643018656, 577.0614821257943, 561.6182267786157, 454.45139421789156, 430.58454504497917, 505.4609346070572, 558.8103621700378, 624.795180471619, 589.228895429632, 500.3131828246643, 450.7075747397877, 381.91489182962846, 354.77220061337516, 760.0713748245528, 697.5495895402177, 638.2340496550792, 691.1370987418243, 832.2118963064779, 777.7057245201345, 692.7402214414226, 636.1390877806737, 825.3995845525338, 789.3101247373245, 768.9879046472066, 782.6528457422859, 814.1873251924688, 770.0390539622127, 782.3024626372838, 530.4505991705847, 609.2651988375144, 569.1199345876925, 592.1444243780315, 624.9100444642831, 455.12052367212704, 431.66165482695675, 266.7754526815526, 244.87183423494312, 341.6810987430782, 718.1387671681614, 677.8927077785445, 661.0455201270769, 569.9459128265487, 672.2769785613887, 546.8590260449079, 586.3067392617255, 546.0894784834786, 533.0029095000808, 507.7873253613387, 479.69907973843607, 450.9724648968311, 463.4206646615266, 415.22378864950053, 666.1446763034653, 781.4399169233806, 785.8461044629952, 812.6504119956505, 748.7606926712389, 372.8486806501878, 321.3423642148892, 313.9843190098465, 252.3168925294889, 379.5059596452264, 618.3240609572541, 579.2011474110683, 514.3394749529182, 503.0144210316539, 434.5250595309041, 344.9325795587407, 426.4470490416107, 406.619205113345, 420.93931461709246, 360.3542359473918, 323.63600645060353, 237.59666061988233, 334.66718001113014, 369.1727162009878, 423.39570164219265, 377.89389567754523, 309.26200501420203, 691.7409661085342, 707.0258290931775, 636.1596461643762, 595.4000115386605, 558.3457982425551, 581.0415038864196, 609.2953415246999, 497.66952397018275, 484.7005493165459, 432.9375712336861, 226.4071002629584, 606.8289626962347, 925.1969865197033, 888.728344988122, 842.5137733920664, 826.4801465118021, 887.470805624964, 915.7654412960185, 935.8860711065462, 934.9429165841776, 817.9917558104858, 910.462153165721, 261.7116356214726, 759.460809343317, 606.3247054678654, 114.86290162445034, 277.5318579480649], "x": [1107.6626813800992, 1122.8570294291371, 1069.482011923543, 1060.910841229214, 1027.0157571198222, 1016.106994417949, 1007.1462250556959, 1012.6006064066326, 946.7584315274692, 956.8879968934943, 978.7055222972408, 974.0303382821522, 1035.197329146227, 930.2127964777019, 863.2764295950071, 880.5389663173863, 1032.0265334729586, 879.1297796461716, 866.44709960524, 925.6329397962544, 1068.6438218954472, 793.324083709028, 782.8463663418792, 735.041780854263, 708.1926301009444, 714.0863461199655, 675.122334660881, 760.2537882689647, 840.1340904141477, 835.3594343987382, 887.8806505682434, 909.1013439700636, 912.2844479803366, 835.635843178388, 820.507809796231, 1122.0882525123595, 942.2419678315167, 655.8188556927387, 624.2045379061476, 641.7116099626494, 696.6201541398592, 592.63875647094, 569.8265110639833, 632.1622979318303, 488.39257856472614, 493.91327458254347, 463.5494464845483, 591.7522762316389, 545.7464760831614, 473.9774278515365, 433.4923237208763, 424.597869025504, 500.39677061149416, 526.0605466943206, 506.0107216296124, 446.3959084372137, 505.20872862702413, 518.234974885302, 453.2466013422274, 418.7629745642695, 467.17268138717196, 448.2730013261758, 329.93894617716853, 298.3337904085005, 313.0411401226331, 353.4081212529121, 388.6035000487311, 296.01993574993014, 294.4346007448137, 232.28946854424862, 205.0217064562456, 220.87505650741016, 206.60704146136206, 169.37608313883194, 177.50999149841635, 153.75897908842984, 147.2518524007623, 85.10879253353728, 124.4769089939259, 23.070678692651928, 71.10736551435053, 54.96388879558297, 85.28212556009767, 95.91319559440801, 112.05667231317557, 117.56907899763279, 100.63811560965705, 124.26271568590226, 40.55888560966812, 402.73001484875783, 675.208009846491, 173.0057305875782, 206.91324869701015, 213.29189071759635, 317.36447105347656, 360.3363751921626, 363.69355520299746, 335.4932431119848, 267.0067708909539, 252.23517884328058, 822.494204102538, 329.8368995075786, 371.84363298647236, 267.6202172916662, 1152.9147596379303, 1205.297129473654]}