{"y": [626.6376122375276, 567.2692748982107, 534.9812317838454, 550.6044784520867, 597.9949933457519, 611.0143655692864, 637.0531100163552, 578.2055475659796, 565.7069502313866, 482.3829680007665, 440.72097688545637, 453.74034910899076, 443.32485133016326, 368.3332673226051, 766.4235272237881, 706.5128160370024, 781.2116141622986, 659.8734649232388, 734.1930813321628, 837.3305081853638, 847.5684145274095, 744.4309876742085, 699.3263361921233, 737.8564783209426, 661.2017745067653, 667.6910616021454, 670.9357051498355, 582.5191684752816, 564.6736289629863, 544.8001872333848, 686.3477620013632, 702.9765601832746, 619.0214083867946, 610.9097995175696, 659.9850331763815, 462.2867755861195, 423.9318250098012, 393.4820932545561, 384.11294502217305, 340.1950626828773, 445.5979802971871, 452.050829989373, 464.6478225794803, 499.3981469659832, 479.85108949857533, 515.0357929399095, 489.4074287048636, 474.20416178576863, 465.51658068914287, 396.4503109709685, 363.00312374895947, 353.88116359750245, 292.63371686629114, 387.76272987434277, 358.22495414581533, 870.0068339444542, 853.1596462929866, 309.0205518129978, 365.6986188734977, 387.6647596959881, 288.1391586854452, 342.37654343233504, 356.2412918851621, 398.1912691141725, 392.89232462208696, 395.98337557580356, 379.6449633918732, 314.2913146561517, 233.48241115184751, 271.4581800117938, 270.1334438887724, 433.517565728076, 440.94079978198823, 468.1842861380366, 365.8148222547033, 293.5783054015447, 329.6966950717956, 333.7524995064082, 350.9116721143844, 349.9757172448584, 944.4835663126163, 565.6672097648055, 193.23761381075127, 267.8668152919032, 270.7706752717146, 250.00347556369144, 203.31612676431112, 634.7561026108735, 688.9046916393725, 720.0272833330366, 776.2144978899033, 934.7148924229433, 960.7776357128205, 629.4902924585949, 800.2200429141524, 771.1430877389206, 322.84997081701914], "x": [161.66624584712412, 198.99311396759157, 214.7096900183147, 258.4214171593884, 347.3183004462911, 366.47287750810995, 378.75145254773736, 452.91404578708716, 382.18945355883307, 348.7917294510464, 479.92691087426755, 281.01399523230293, 181.80310891211312, 274.6291362116966, 424.7617057970288, 435.2062658307372, 595.7043383487231, 573.0744582756882, 493.3476500183807, 411.5319297543315, 455.7472338970304, 406.3096497374773, 753.9604780266998, 742.3554113225792, 778.258586438452, 855.8674700222575, 895.3972284831679, 923.3219202399576, 702.4629945271652, 685.0553944709844, 722.7718612593759, 704.6389445341878, 745.2566779986095, 767.7414947378428, 722.7718612593759, 669.6644201359118, 642.9934900498349, 651.3449934101217, 758.8369237570373, 753.7182604071842, 592.615066553912, 825.9215614482043, 869.7887135897796, 884.2805406365501, 933.6310867958223, 961.0480568843069, 992.7734079866962, 1012.7486290511636, 1061.7075042091717, 993.1650789879602, 1022.5404040827651, 991.990065984168, 904.6474327022814, 834.9299944772778, 816.1297864166027, 643.3153701917632, 658.7335302415232, 1227.3537906852807, 1186.329879886215, 1211.2372542999335, 1176.701819188475, 1245.7726894113919, 95.62418205971262, 50.80997358174748, 115.70094745784101, 168.04394296010432, 213.93369244154061, 230.7838348292555, 173.0631343096364, 117.49351579695961, 196.00800905035456, 103.86999641965821, 433.4370809350331, 430.61870759260387, 401.730380832704, 324.22511391589956, 689.3813301113294, 570.8542247287991, 651.1467799879324, 626.6766679089584, 445.1145899442682, 1002.4819834008111, 1147.0124748797657, 987.0614983635456, 1045.376958551751, 743.4888865269922, 882.2523269748326, 989.2532452955767, 1029.0420454239897, 655.407383561589, 277.81635301438206, 1244.5741734109772, 1254.913012064136, 582.8347291352726, 920.9265761069014, 630.3874790695857, 147.65477596715667]}