{"y": [458.6841948054897, 454.13401420902494, 542.8625358400874, 578.5056171790612, 604.2899738923614, 580.4015257609216, 580.4015257609216, 542.4833541237153, 262.09501889306387, 291.29201105371266, 230.6805336569228, 250.6379713363536, 320.4890032143614, 353.0122349882486, 335.27229038431017, 309.4015378368998, 246.9421495438664, 217.3755752039689, 214.41891776997917, 282.4220387517434, 251.0075535156023, 286.857024902728, 183.0044325338381, 163.416577033656, 144.56788589197137, 393.25632660165536, 429.3793847967964, 465.7568307257059, 168.14272961374047, 247.12772106460946, 295.7589761314668, 171.75749115468676, 148.71860205866275, 229.7386953796805, 301.54323306228866, 343.0132334351319, 235.11443616875277, 207.0837877685902, 450.0913707609012, 446.27555475437225, 478.3284092092157, 459.6309107772237, 495.4995812385961, 504.2759580536127, 456.9598395726534, 410.02530269234694, 609.9740614344654, 514.5052105160617, 546.8628502745713, 521.0470384373695, 560.4579380972556, 570.890235066049, 654.3486108163959, 633.8703982480238, 344.0434268270104, 391.7195279500951, 853.2243007926219, 809.8391927636716, 970.3113567714439, 892.8781843416232, 920.5536498682221, 934.3913826315215, 909.8405664385709, 873.2375313872627, 760.7501553759255, 983.432137874711, 458.38519594155923, 483.08000519135993, 365.25048677088216, 394.53147488136017, 315.50808528199786, 329.92800676982176, 290.72589704236844, 706.9154039489782, 995.3216054895262, 965.2972532230592, 517.6119342492144, 523.4436530516455, 565.5616221803143, 957.2063814490123, 916.2883544607613, 899.1291818527851, 659.7817545992925, 680.6415487683175, 678.6736436580321, 567.6837954379365, 567.2902144158794, 540.5267049159982, 812.7887820814452, 126.85073197681685, 155.75733813948443, 108.18188216342735, 72.95195590267622, 78.67305503903751, 72.04862446009277, 429.46676524224216, 870.1485876561567], "x": [400.627925172306, 320.69802824767635, 372.4421194146734, 367.8145990664054, 392.634935479843, 449.84791433115686, 491.4955974655692, 462.0477407038635, 309.652696957309, 302.523870267635, 310.0091382917927, 341.37597572635826, 350.28700908845076, 341.37597572635826, 418.36730397483745, 390.9213212195926, 412.66424262309823, 415.1593319644841, 467.1997667991043, 464.3482361232347, 385.93114253682074, 386.2875838713045, 357.77227711260844, 370.247723819538, 437.9715773714409, 252.40094090911302, 233.99654851638198, 282.1140563383414, 249.8946427032296, 200.09647254251274, 254.09111771677317, 543.3113596942396, 604.9715658932396, 701.35993420432, 691.437602172297, 711.6366352374866, 621.6269089469924, 687.5395431597166, 805.9299947027353, 827.4200914387584, 762.5975045628855, 746.3918578439174, 674.1710409441677, 723.8448711044833, 657.9653942251995, 669.9434809305238, 750.6194178575612, 785.7005330955774, 796.9077117984136, 1048.785099698289, 1014.5418635877736, 954.4483413938299, 966.5341894328353, 1044.0850476831204, 785.4585027373844, 861.1960693151506, 209.83902276384606, 272.37375363233514, 407.51136717981194, 641.2132223321245, 732.3958892930709, 776.61948276913, 824.0344695888222, 876.9204164261711, 889.6859898007035, 736.4111685179946, 1043.0730971717671, 1043.744533173934, 1092.7593613321228, 1145.1313695011465, 1113.2381593982154, 541.2994982275111, 543.5749202348547, 1158.7440452399344, 875.7789608284727, 938.2950406969015, 66.92617642565082, 97.66302452484986, 144.51433667605616, 1033.6388056493658, 1023.0284589484556, 1080.3243311333704, 551.7623945028863, 691.3837809534955, 716.189611033553, 641.4177517922369, 692.4468879569265, 642.4808587956679, 1245.137329996128, 486.854260444414, 503.66502849866856, 339.05959130075945, 298.7837928374413, 375.48292208497764, 457.08519201500496, 634.9991539225322, 392.3973303957227]}