{"y": [895.131291324861, 849.1063105869914, 856.0635751171345, 925.6362204185654, 937.4100527003459, 805.7572008222537, 784.8854072318245, 778.4633168963078, 758.126697500505, 727.0865942121742, 797.7295879028578, 697.1168393130963, 720.6645038766576, 681.596787668931, 729.2272909906798, 760.8025684736368, 815.9255105201552, 870.513278372047, 933.128659143335, 910.1161687744001, 902.6237300496307, 864.6263622311569, 777.9281427016816, 775.787445923176, 842.1490460568484, 852.8525299493763, 793.9833685404733, 716.918284514273, 715.3127619303939, 678.9209166957993, 666.0767360247659, 641.9938972665783, 667.682258608645, 732.9735103530647, 737.2549039100759, 690.6947489775798, 677.3153941119201, 670.358129581777, 846.965613808486, 819.1365556879136, 924.0306978346863, 931.5231365594558, 894.0609429356084, 846.965613808486, 782.2095362586927, 833.5862589428262, 802.5461556544956, 752.7749555542412, 726.551420017548, 610.4186197836212, 662.8656908570075, 693.9057941453382, 746.888039413351, 753.845303943494, 792.3778459565941, 688.5540521990742, 646.2752908235894, 593.2930455555767, 730.2976393799324, 541.3811486768167, 512.4817421669916, 483.5823356571665, 473.94920015389147, 465.92158723449563, 438.0925291139233, 409.1931226040979, 430.06491619452714, 470.7381549861328, 542.9866712606956, 522.6500518648928, 316.60798693373226, 338.5501289134142, 357.8163999199642, 395.81376773843795, 415.080038744988, 319.81903210149056, 529.6073163950354, 476.6250711270228, 450.93670978495607, 409.19312260409765, 417.22073552349354, 515.1576131401229, 466.9919356237478, 333.1983869671503, 271.11818039048904, 244.35947065916957, 245.42981904842236, 240.61325129678485, 288.77892881315995, 332.66321277252393, 384.03993545665736, 505.524477636848, 435.9518323354173, 428.99456780527424, 478.2305937109021, 577.7729939114103, 638.9841784262937, 644.124730555844, 976.0830509291194, 993.6406043277143, 296.87574405977614, 310.4110914036902, 408.5423596470675, 377.0282496248547, 475.0011255056968, 465.4759847950594, 595.1442170367868, 598.9456337376308, 633.6335611328319, 945.9464381577328], "x": [91.93360429210547, 115.09400170018594, 141.4126351184592, 163.52028718980873, 194.0499019550057, 189.838920608082, 190.8916659448129, 226.68500739366453, 245.1080507864558, 219.31579003654804, 313.0101250056008, 149.30822514394117, 147.72910713884477, 95.09184030229827, 57.719380848350234, 59.8248715218121, 26.663393414787794, 38.769964787193494, 487.7658509029355, 506.7152669640922, 541.4558630762131, 560.9316518057352, 503.03065828553395, 396.7033792757099, 411.9681866583084, 385.6495532400351, 365.1210191737819, 384.0704352349387, 431.4439753878306, 425.12750336744506, 395.1242612706135, 380.9121992247459, 604.0942106117035, 645.6776514125753, 673.0490301675795, 665.679812810463, 700.9467815909492, 687.261092213447, 698.3149182491219, 650.4150054278645, 643.0457880707479, 629.3600986932458, 838.8564207027011, 916.2332029524246, 828.3289673353919, 742.530222391821, 730.4236510194153, 756.7422844376886, 732.5291416928771, 686.2083468767162, 913.0749669422319, 960.9748797634892, 1024.139599967345, 935.1826190135814, 913.0749669422319, 1003.6110659010918, 829.9080853404882, 963.6067431053165, 1226.7930772880482, 1067.3021587733126, 1175.734928456598, 1116.7811895996663, 1079.9351028140838, 1035.7197986713848, 1038.3516620132123, 870.4387808046297, 817.2751412997179, 789.9037625447138, 568.3008691628537, 622.5172540044965, 387.228671245134, 409.3363233164835, 385.12318057167215, 328.80130505656746, 312.48375233723806, 352.48807513301335, 303.0090443066597, 260.3728581690571, 212.99931801616532, 211.4202000110689, 153.51920649086782, 146.14998913375132, 107.72478434307241, 139.83351711336576, 196.68176529683592, 254.582758817037, 323.53757837291283, 94.03909496557034, 41.928200797389344, 96.1445856390322, 31.400747430080056, 47.7183001494095, 44.03369147085125, 11.398586032192446, 12.451331368923375, 794.1147438916391, 469.08787180485245, 516.9048912925089, 556.2709118933118, 477.1533696379705, 713.6976594102557, 817.6790570791751, 739.6930088274855, 1026.5615195872895, 984.4931527848528, 1019.4098972308751, 613.8448623358886, 663.7653001636668, 579.9539228931769, 239.8928839804291]}