{"y": [665.7678947643286, 766.1550542316916, 823.1163076373301, 803.3772594274553, 856.390703191119, 804.5052050394482, 730.0607946479206, 801.6853410094661, 845.1112470711905, 864.2863224750689, 893.6129083868827, 806.761096263434, 770.1028638736666, 657.3083026743823, 984.9765029583025, 947.7542977625387, 984.9765029583025, 875.0018057890001, 900.380582058839, 823.6802804433257, 917.863739044728, 973.1330740323773, 895.3048268048713, 977.0808836743522, 935.3468960306171, 915.0438750147459, 911.6600381787674, 758.8234077537373, 756.0035437237552, 762.2072445897161, 717.0894201100024, 652.232547420414, 633.0574720165357, 643.2089825244713, 645.464873748457, 622.9059615086002, 357.27476988428583, 259.70747444690494, 280.57446826877253, 278.3185770447868, 242.7882902670123, 228.12499731110535, 237.71253501304452, 331.89599361444687, 345.431340958361, 432.2831530818098, 326.2562655544824, 333.5879120324359, 352.1990146303178, 357.27476988428555, 362.3505251382533, 366.8623075862247, 321.18051030051464, 319.4885918825254, 298.0576252546614, 326.2562655544824, 250.11993674496563, 382.0895733481281, 363.47847075024623, 326.2562655544824, 278.8825498507831, 208.38594910123047, 291.85392438870076, 218.53745960916604, 336.9717488684144, 582.8229829273234, 1000.6159567552149, 975.5611648632888, 958.8579702686714, 969.7150467551727, 950.5063729713627, 925.0340012145712, 883.2760147280276, 768.8591317548979, 711.2331104034678, 731.6945237818742, 733.7824231062013, 706.639731889948, 701.6287735115628, 698.2881345926393, 821.0566148630775, 617.2250164907496, 507.8334912016906, 406.1885870099782, 442.9692134980682, 1021.3556266383449, 1002.4997358438184, 161.44320626894833, 129.7503344562303, 136.39561402986473, 203.359585118027, 362.32147429295264, 509.16485454421905, 579.1358806362687, 380.8558060809001, 364.3446022287496, 356.9145604952818, 348.65895856920656, 292.5208654718947, 318.113231442728, 264.03903882693504, 237.2083325671904], "x": [1148.5793952856407, 1124.146585206787, 1137.1774172488424, 1090.4836024314777, 1084.5111377455357, 1041.6179822737706, 1051.9340576403977, 987.322848765207, 1009.0409021686324, 917.8250778742457, 906.966051172533, 893.3922677953921, 874.3889710673948, 904.2512944971048, 1144.7787359400415, 1177.3558160451796, 1076.3668677192516, 651.778923682284, 617.0300382368033, 237.50705501194406, 245.10837370314297, 284.7438211643944, 157.15025741927, 108.28463726156276, 61.59082244419809, 51.27474707757101, 21.95537498294668, 124.57317731413184, 91.99609720899369, 265.74052443639715, 171.80994346658215, 333.066489987016, 183.2119215033805, 141.94762003687217, 115.88595595276166, 114.80005328259038, 233.16344433125886, 285.2867724994798, 306.4618745678196, 349.3550300395848, 341.2107600133003, 458.48824839179747, 464.46071307773946, 436.77019498837205, 436.77019498837205, 346.097322029071, 568.1644180790955, 515.498138575789, 751.6819693380403, 733.2216239451286, 721.2766945732446, 706.0740571908469, 699.0156898347336, 726.1632565890154, 802.7193948360899, 821.1797402290016, 723.4484999135873, 968.319552037209, 1006.869096828289, 1025.3294422212007, 931.3988612513857, 950.9451093144686, 1022.6146855457724, 1109.4868991594742, 1174.0981080346648, 651.0616787921118, 445.6685560523283, 466.5576761197451, 461.7084161040948, 438.95419603065864, 425.8984959885231, 416.9460159596302, 483.34357617391936, 480.3594161642883, 517.6614162846755, 535.9393963436652, 431.12077600537725, 462.82747610770633, 403.89031591749466, 376.28683582840813, 398.2950158994366, 238.96818839145652, 318.9167363161464, 125.98431369129571, 96.94263426423427, 762.2306900515495, 742.8647349890483, 480.8018151258095, 339.6013106701038, 580.4727594474841, 599.8532208433652, 1189.2046768802138, 831.4536200732664, 919.5277870241806, 787.2151439071482, 797.1126079390909, 876.7047145292972, 905.9847122904612, 880.82865787594, 846.5999280988048, 759.5847234846414, 781.4416232218483]}