{"y": [849.9432213065108, 810.8851046359076, 806.1981306354353, 857.7548446406315, 883.272814198759, 919.206281535714, 921.2893810914794, 940.5580519823103, 941.0788268712517, 871.2949917531073, 821.3006024147352, 823.9044768594421, 757.7660659638873, 737.9766201841151, 846.8185719728626, 981.3420223486523, 996.7996770015159, 966.9691153907265, 953.409769204004, 928.4605722204346, 626.7933521888959, 577.5477267461447, 594.250921340762, 532.6218930088978, 560.5784692971234, 553.5804067342061, 578.4624069579121, 506.1490938077667, 478.1568435560975, 529.475969017491, 592.847313337242, 492.15296868193207, 461.56758487389493, 495.26196017683003, 471.67589746477546, 314.80986133222194, 949.6119048709322, 986.2005406165554, 885.8085813806307, 993.8978694618012, 982.1960337084456, 796.2024605623042, 752.4285712798585, 785.6237706523798, 793.8812981691995, 173.83087311261536, 227.82826943142163, 264.4265047141681, 489.54897002446455, 465.5933251331613, 403.2453934775587, 441.79953444918635, 261.3244875900067, 217.78098719852133, 251.04338333090598, 803.153353622327, 734.6702557843956, 858.0579061992893, 601.0527596739394, 588.5253637279762, 547.0494234071742, 554.5946595861221, 575.3440590782287, 926.3549705270353, 922.9660509283283, 246.69928810978402, 382.8647356778842, 392.10429015910216, 350.34150390399697, 294.8799145147191, 266.97406009716, 627.6608215911671, 641.1769698608346, 566.5309691897166, 564.6878580620347, 746.9651614758797, 811.9060301152974, 566.0162839485469, 544.1341390758857], "x": [598.57247248241, 573.2900057341476, 531.8267602669972, 505.53299484880426, 436.2590359585652, 378.61501177252694, 552.0527336656072, 529.298513592171, 647.1148086390739, 705.2644821600775, 655.2051979985179, 621.3266925558463, 616.775848541159, 691.1063007810505, 367.49072640329143, 744.3278688583131, 729.6246638108605, 681.7724146564238, 723.208719790154, 780.4175539747878, 461.22099840754504, 369.0311774433481, 490.80977383637213, 499.368510530661, 1050.339872023894, 988.0745444896078, 985.6664931485028, 948.8577083630407, 894.160542186513, 884.8723441565365, 884.528336822093, 1080.6125174549284, 719.02063744837, 638.3239771879325, 800.4509037111753, 677.9387013157836, 970.1562926092286, 978.7647653036779, 910.7300617507717, 1114.2409411879305, 1073.1341370552639, 1163.0679308715748, 1108.7562186962912, 1006.7476823670725, 311.3900961249646, 817.3758192730714, 812.2654452565785, 822.7701029571474, 1223.4275591205665, 1254.122960552965, 294.8337568866048, 395.3999492111687, 675.5864950197504, 656.854673959296, 635.1366205558705, 853.920960164179, 951.3807248120505, 849.305873815951, 262.6551849396335, 285.6042043470317, 1257.5792955675327, 1215.105722836705, 1091.8799254077603, 403.6297774875055, 235.68702541015358, 439.5307194441201, 1161.7560189632172, 1019.0758685027362, 1096.228838751737, 1134.2893135702407, 1076.9561393852055, 749.9445985663106, 774.7918753131685, 826.0676191453207, 773.2106849747321, 181.42637663384855, 94.6474180204478, 596.6551999920304, 600.7169733384726]}