{"y": [22.92654441316978, 22.92654441316978], "x": [127.47640789679762, 280.77829468925046]}