{"y": [372.2150308297286, 364.6686746417165], "x": [24.8820682741561, 376.29716261377877]}