{"y": [171.6975664054078, 219.1318053014837], "x": [174.64621921755233, 75.58961544396743]}