{"y": [271.9562986175682], "x": [127.47640789679762]}