{"y": [32.62900236918529], "x": [225.35376638736363]}