{"y": [170.61951552140607, 379.7613870177407], "x": [175.8254645005712, 280.77829468925046]}