{"y": [22.92654441316978, 26.16069706517493], "x": [22.523577708118367, 369.22169091566553]}