{"y": [73.59493596125083, 74.67298684525252, 70.36078330924562, 167.3853628694009, 77.90713949725773, 71.43883419324737], "x": [24.8820682741561, 67.33489846283535, 115.68395506660895, 226.5330116703825, 325.58961544396743, 377.4764078967976]}