{"y": [124.26332750933193, 129.65358192934053], "x": [270.1650871420806, 126.29716261377875]}