{"y": [329.0929954696596, 333.40519900566653, 329.0929954696596, 280.58070568958203, 330.1710463536613, 322.62469016564927, 329.0929954696596, 216.97570353348024], "x": [10.731124877929688, 68.51414374585423, 122.75942676472215, 70.87263431189196, 181.72169091566553, 281.95753997226933, 381.0141437458542, 220.63678525528817]}