{"y": [29.39484971718008, 126.41942927733538], "x": [23.702822991137236, 330.30659657604286]}