{"y": [26.16069706517493], "x": [175.8254645005712]}