{"y": [29.39484971718008, 18.614340877162874], "x": [26.06131355717497, 363.3254645005712]}