{"y": [29.610473053781277], "x": [225.35376638736363]}