{"y": [63.89247800523532], "x": [272.52357770811835]}