{"y": [19.692391761164572, 75.75103772925428, 26.16069706517493, 111.32671690131116, 121.02917485732672, 121.02917485732672, 122.10722574132842, 72.51688507724907, 122.10722574132842, 123.18527662533018, 117.79502220532152, 166.30731198539917, 174.93171905741298, 168.46341375340262, 170.61951552140607, 164.15121021739574, 222.36595795348887, 220.20985618548542, 269.80019684956477, 267.6440950815613, 263.3318915455544, 268.7221459655631, 223.4440088374906, 228.83426325749923, 221.28790706948715, 220.20985618548542, 265.48799331355787, 254.7074844735406, 319.39053751364406, 374.37113259773207, 368.9808781777234, 368.9808781777234, 225.60011060549405, 269.80019684956477], "x": [73.23112487792969, 174.64621921755233, 322.0518795949108, 35.49527582132591, 82.66508714208064, 180.54244563264666, 217.09904940623156, 220.63678525528817, 271.3443324250995, 317.3348984628353, 375.1179173307599, 24.8820682741561, 72.05187959491083, 128.65565317981648, 266.62735129302405, 357.42923808547687, 21.3443324250995, 80.3065965760429, 94.45753997226932, 121.58018148170328, 181.72169091566553, 224.17452110434476, 225.35376638736363, 181.72169091566553, 266.62735129302405, 314.9764078967976, 322.0518795949108, 371.5801814817033, 226.5330116703825, 158.13678525528817, 276.06131355717497, 322.0518795949108, 371.5801814817033, 27.240558840193838]}