{"y": [22.71092107656858, 25.945073728573732], "x": [118.04244563264668, 283.13678525528815]}