{"y": [320.4685883976458, 320.4685883976458, 321.5466392816476, 323.70274104965097, 325.8588428176545, 320.4685883976458, 315.0783339776372], "x": [26.06131355717497, 75.58961544396743, 125.11791733075988, 168.74999280245797, 276.06131355717497, 329.12735129302405, 382.19338902887307]}