{"y": [78.12276283385887, 75.96666106585542, 80.27886460186232, 80.27886460186232, 77.04471194985717, 74.88861018185372, 78.12276283385887, 78.12276283385887], "x": [24.8820682741561, 64.97640789679761, 120.4009361986844, 177.00470978359004, 227.71225695340138, 274.8820682741561, 324.41037016094856, 371.5801814817033]}