{"y": [118.87307308932327, 168.46341375340262], "x": [126.29716261377875, 174.64621921755233]}