{"y": [270.87824773356647], "x": [279.5990494062316]}