{"y": [384.0735905537476], "x": [222.99527582132592]}