{"y": [230.99036502550265, 121.02917485732672], "x": [333.8443324250995, 122.75942676472215]}