{"y": [377.6052852497372], "x": [225.35376638736363]}