{"y": [325.8588428176545, 329.0929954696596, 324.7807919336527, 328.0149445856579, 331.2490972376631, 326.9368937016562, 329.0929954696596, 222.36595795348887], "x": [18.98584185906176, 73.23112487792969, 119.22169091566555, 173.46697393453346, 272.52357770811835, 324.41037016094856, 375.1179173307599, 227.71225695340138]}