{"y": [325.8588428176545, 321.5466392816476, 321.5466392816476, 315.0783339776372, 325.8588428176545, 317.23443574564067, 315.0783339776372], "x": [24.8820682741561, 74.41037016094856, 120.4009361986844, 175.8254645005712, 283.13678525528815, 337.3820682741561, 377.4764078967976]}