{"y": [277.3465530375768, 275.1904512695734], "x": [126.29716261377875, 276.06131355717497]}