{"y": [25.08264618117323, 25.08264618117323], "x": [121.58018148170328, 266.62735129302405]}