{"y": [18.614340877162874, 178.16587170941816], "x": [22.523577708118367, 376.29716261377877]}