{"y": [366.82477640971996, 216.97570353348024], "x": [126.29716261377875, 121.58018148170328]}