{"y": [376.5272343657355, 283.8148583415872], "x": [22.523577708118367, 329.12735129302405]}