{"y": [74.67298684525252], "x": [231.249992802458]}