{"y": [23.788988410321338, 30.257293714331695], "x": [77.94810601000516, 327.9481060100052]}