{"y": [127.49748016133708, 224.52205972149233], "x": [277.24055884019384, 173.46697393453346]}