{"y": [76.82908861325598, 74.67298684525252, 75.75103772925428, 169.54146463740435, 73.59493596125083, 75.75103772925428, 74.67298684525252], "x": [24.8820682741561, 74.41037016094856, 129.83489846283535, 219.4575399722693, 278.4198041232127, 319.69338902887307, 371.5801814817033]}