{"y": [372.2150308297286, 366.82477640971996], "x": [26.06131355717497, 379.8348984628353]}