{"y": [369.84330572512397], "x": [179.3632003496278]}