{"y": [79.87982698873914, 81.52434744657363, 79.87982698873914, 81.52434744657363, 81.52434744657363, 81.52434744657363, 81.52434744657363, 137.43804301294645, 193.3517385793193, 193.3517385793193, 137.43804301294645, 137.43804301294645, 135.79352255511196, 135.79352255511196, 137.43804301294645, 139.08256347078097, 191.7072181214848, 191.7072181214848, 191.7072181214848, 194.9962590371538, 191.7072181214848, 249.26543414569213, 247.62091368785764, 249.26543414569213, 247.62091368785764, 249.26543414569213, 247.62091368785764, 249.26543414569213, 415.23903319832846, 359.0081600249058, 360.23057031128457, 414.0166229119497, 415.23903319832846, 415.23903319832846, 360.23057031128457, 360.23057031128457, 305.22210742424073, 306.4445177106195, 304.6109022810514, 304.6109022810514, 303.5346092542305, 301.890088796396, 359.4483048206033, 359.4483048206033, 415.36200038697615, 412.0729594713072, 412.0729594713072, 361.09282527843783, 303.5346092542305, 469.6311754955145, 467.98665503768007, 469.3222162397005, 469.3222162397005, 470.1010971301365, 469.7116566849185, 414.41111346396116, 358.2590549022972, 303.93398977077106, 247.08217742382516, 191.49373868458918, 137.1686735530631, 84.10698202924692, 27.9058249914045, 28.073500738651145, 27.738149244157857, 27.9058249914045, 28.073500738651145, 28.073500738651145, 28.241176485897785, 28.241176485897785, 470.6675908095587, 470.6675908095587, 470.5323684327469, 416.2334039402394, 360.1161175633387, 305.35105495455605, 249.9098804617144, 195.3319617782271, 138.12511114336135, 83.74329016947662, 25.61065188020079], "x": [82.84348621690738, 137.95002552623876, 194.8934494792145, 249.99998878854586, 305.10652809787723, 360.2130674072086, 417.15649136018436, 418.99337600382876, 417.15649136018436, 362.049952050853, 360.2130674072086, 306.9434127415216, 251.83687343219023, 193.05656483557013, 139.78691016988313, 84.68037086055176, 82.84348621690738, 139.78691016988313, 193.05656483557013, 249.99998878854586, 306.9434127415216, 363.8868366944974, 417.15649136018436, 306.9434127415216, 248.16310414490147, 194.8934494792145, 139.78691016988313, 84.68037086055176, 86.39915543862037, 84.766069164697, 141.10754561505306, 141.92408875201474, 197.4490220654091, 252.15741224184183, 251.34086910488014, 195.81593579148577, 195.81593579148577, 251.34086910488014, 140.29100247809137, 84.766069164697, 306.9434127415216, 362.049952050853, 305.10652809787723, 362.049952050853, 303.26964345423283, 362.049952050853, 418.99337600382876, 417.15649136018436, 418.99337600382876, 25.90006226393162, 84.68037086055176, 138.94606593838418, 192.39252581223974, 249.40208301101902, 304.03624199318244, 28.490048865749355, 29.617693914776176, 29.118320426055806, 28.868633681695623, 28.369260192975258, 28.61894693733544, 28.61894693733544, 25.750307073638815, 83.21335070452474, 137.0849541084803, 194.54799773936625, 250.21532125678698, 304.08692466074257, 361.5499682916285, 415.421571695584, 363.1843362464663, 418.07493026337806, 471.84530807586304, 472.1280640379875, 472.1280640379875, 472.26302984574977, 472.26302984574977, 472.4931466715493, 472.95203041794105, 472.3784257349514, 472.26303066951573]}