{"y": [21.848493529168024, 26.16069706517493], "x": [125.11791733075988, 274.8820682741561]}