{"y": [18.614340877162874], "x": [178.18395506660892]}