{"y": [273.0343495015699, 278.4246039215785], "x": [120.4009361986844, 382.19338902887307]}