{"y": [374.37113259773207, 173.85366817341125], "x": [75.58961544396743, 325.58961544396743]}