{"y": [73.59493596125083, 72.51688507724907, 71.43883419324737, 69.28273242524392, 74.67298684525252, 73.59493596125083, 73.59493596125083, 178.16587170941816], "x": [27.240558840193838, 73.23112487792969, 120.4009361986844, 168.74999280245797, 274.8820682741561, 322.0518795949108, 372.75942676472215, 224.17452110434476]}