{"y": [273.0343495015699], "x": [281.95753997226933]}