{"y": [218.05375441748197, 278.4246039215785], "x": [116.8632003496278, 224.17452110434476]}