{"y": [174.93171905741298, 119.95112397332497], "x": [119.22169091566555, 11.910370160948554]}