{"y": [525.9549774270419, 458.679788559396, 460.6421600155346, 399.8086448752381, 397.8462734190995, 396.2763762541886, 456.7174171032574, 454.7550456471188, 393.9215305068223, 336.6202839875753, 337.4052325700307, 339.3676040261693, 339.760078317397, 521.8681494470588, 519.5133036996925, 517.9434065347816, 333.89932032272935, 332.1781945318408, 331.74791308411864, 330.45706874095225, 329.16622439778587, 391.126752869773, 453.0872813417601, 391.126752869773, 391.5570343174951, 450.5055926554273, 450.93587410314944, 515.4780912614693, 513.3266840228587, 512.8964025751366, 448.3541854168166, 388.5450641834402, 387.6845012879959, 448.3541854168166, 512.0358396796923, 510.7449953365259, 281.39257569567525, 280.5338131410164, 283.3963549898791, 228.7218056766011, 227.86304312194227, 226.43177219751095, 225.28675545796585, 280.5338131410164, 172.6159854388917, 172.0434770691192, 174.61976473309562, 174.04725636332307, 279.28236491332063, 278.2326942217729, 275.08368214712965, 276.1333528386774, 221.5504768781944, 219.45113549509892, 172.31787488472025, 170.778583513162, 224.14068439384823, 223.2855225207603, 118.13889926110699, 117.96066552334759, 170.18315068684507, 168.5790470470107, 166.61847593165754, 116.71302935903196, 74.59660075487966, 123.6252813649919, 123.2184043474806, 73.17253119359009, 72.96909268483444, 122.60808882121364, 120.78209048961043, 120.78209048961043, 120.78209048961043, 67.24888522067522, 70.39789729531844, 71.44756798686626, 72.49723867841396, 70.39789729531844, 66.19921452912752], "x": [184.87499340509962, 251.37290515553093, 189.42680489698455, 192.94646968440193, 252.78077107049788, 312.61507245659385, 312.2631059778521, 373.15330680017325, 373.15330680017325, 371.3934744064646, 312.96703893533555, 253.83667050672312, 194.00236912062718, 249.61307276182222, 311.2072065416269, 373.505273278915, 430.61326495955916, 488.4516588747416, 545.503135865908, 604.5219051671145, 663.1472160063131, 432.1870988075913, 433.76093265562355, 491.2058681087979, 550.6180958720125, 554.5526804920929, 493.5666188808462, 435.3347665036557, 497.50120350092664, 559.2741820361895, 614.7518251793236, 608.456489787195, 669.0490929364337, 675.7378867905704, 619.4733267234202, 681.6397637206911, 255.6301261947539, 313.56438089886194, 196.87604713162548, 199.06224542234654, 256.44995055377433, 313.56438089886194, 369.58571209858906, 370.1322616712693, 369.0391625259088, 314.11093047154225, 257.2697749127947, 201.24844371306762, 426.9088917101844, 486.33685781187927, 541.4427900152691, 599.7902476423878, 594.3877052695065, 650.5741459474725, 424.8438777961596, 479.3486054696011, 426.4749419659384, 482.746655823307, 531.7079109588049, 586.0767166180981, 534.535088853088, 589.9912706255673, 645.0125019527721, 640.4455222773914, 204.9662688301062, 203.443942271646, 257.5952727083021, 258.682648821488, 313.26892970341845, 313.26892970341845, 367.48092560848943, 422.58685781187927, 477.6927900152691, 582.5021120491674, 528.4766883203538, 475.53177306611656, 420.4258408627267, 364.23940018476065, 635.4470273034048]}