{"y": [276.2685021535751, 271.9562986175682, 223.4440088374906, 177.08782082541643, 124.26332750933193, 122.10722574132842, 20.770442645166327, 118.87307308932327, 73.59493596125083, 28.31679883317838, 69.28273242524392, 78.98519038125943, 27.238747949176627, 125.34137839333363, 166.30731198539917, 223.4440088374906, 266.56604419755956, 269.80019684956477, 220.20985618548542, 222.36595795348887, 165.22926110139747, 173.85366817341125, 215.89765264947852, 215.89765264947852, 171.6975664054078, 270.87824773356647, 268.7221459655631, 119.95112397332497, 125.34137839333363, 128.57553104533883, 170.61951552140607, 374.37113259773207, 372.2150308297286, 368.9808781777234, 323.70274104965097, 367.9028272937217], "x": [23.702822991137236, 79.12735129302403, 37.853766387363656, 80.3065965760429, 31.95753997226931, 75.58961544396743, 80.3065965760429, 132.1933890288731, 180.54244563264666, 227.71225695340138, 224.17452110434476, 284.316030538307, 327.9481060100052, 182.9009361986844, 126.29716261377875, 172.28772865151458, 221.81603053830705, 173.46697393453346, 230.07074751943912, 268.98584185906174, 280.77829468925046, 318.5141437458542, 324.41037016094856, 377.4764078967976, 373.938672047741, 324.41037016094856, 372.75942676472215, 326.7688607269863, 377.4764078967976, 281.95753997226933, 23.702822991137236, 75.58961544396743, 174.64621921755233, 279.5990494062316, 226.5330116703825, 324.41037016094856]}