{"y": [279.5026548055803], "x": [278.4198041232127]}