{"y": [122.10722574132842], "x": [230.07074751943912]}