{"y": [35.86315502119044], "x": [178.18395506660892]}