{"y": [31.550951485183532], "x": [173.46697393453346]}