{"y": [378.683336133739, 377.6052852497372, 371.13697994572686, 379.7613870177407, 331.2490972376631, 328.0149445856579, 277.3465530375768, 379.7613870177407, 374.37113259773207, 275.1904512695734, 271.9562986175682, 224.52205972149233, 233.1464667935061, 186.79027878143194, 180.3219734774216, 133.96578546534744, 129.65358192934053, 237.458670329513, 186.79027878143194, 181.40002436142333, 180.3219734774216, 227.7562123734975, 128.57553104533883, 89.76569922127669, 21.848493529168024, 17.53628999316112, 26.16069706517493, 30.472900601181834, 24.004595297171477, 21.848493529168024, 21.848493529168024, 22.92654441316978], "x": [26.06131355717497, 83.84433242509951, 132.1933890288731, 168.74999280245797, 182.9009361986844, 233.6084833684957, 329.12735129302405, 318.5141437458542, 381.0141437458542, 28.419804123212707, 67.33489846283535, 21.3443324250995, 76.76886072698629, 15.448106010005159, 79.12735129302403, 76.76886072698629, 181.72169091566553, 283.13678525528815, 284.316030538307, 327.9481060100052, 376.29716261377877, 384.5518795949108, 327.9481060100052, 323.2311248779297, 31.95753997226931, 83.84433242509951, 119.22169091566555, 178.18395506660892, 238.3254645005712, 278.4198041232127, 332.6650871420806, 377.4764078967976]}