{"y": [384.0735905537476], "x": [227.71225695340138]}