{"y": [329.0929954696596, 326.9368937016562, 329.0929954696596, 281.65875657358373, 224.52205972149233, 330.1710463536613, 329.0929954696596, 326.9368937016562], "x": [23.702822991137236, 70.87263431189196, 125.11791733075988, 174.64621921755233, 226.5330116703825, 274.8820682741561, 337.3820682741561, 385.7311248779297]}