{"y": [123.98109779701576, 125.14066053356908, 59.777660807635016, 59.172447847209696, 57.96202192635906, 56.75159600550842, 122.7198086918678, 122.7198086918678, 192.31929914077915, 192.92451210120447, 191.71408618035383, 192.92451210120447, 260.70836366883987, 259.4979377479892, 261.3135766292652, 260.10315070841455, 59.37721086882527, 58.60078634722697, 59.37721086882527, 60.15363539042346, 60.93005991202176, 125.3732952046779, 124.5968706830796, 125.3732952046779, 125.3732952046779, 128.478993291071, 195.25150214852192, 192.92222858372713, 191.3693795405306, 195.25150214852192, 192.92222858372713, 258.9183129195798, 262.02401100597285, 262.02401100597285, 262.02401100597285, 262.80043552757115, 328.02009534182554, 328.02009534182554, 329.5729443850221, 328.79651986342384, 330.3493689066204, 327.63084848018696, 328.87312771474416, 328.2519880974656, 327.0097088629083, 393.47164791171997, 394.09278752899854, 394.09278752899854, 394.09278752899854, 461.7970058123674, 461.7970058123674, 462.418145429646, 461.7970058123674, 526.3955260093431, 528.258944861179, 528.258944861179, 528.258944861179, 592.6873155495298, 592.1338642238777, 593.2407668751819, 594.347669526486, 394.935598162834, 394.2476727482824, 394.935598162834, 395.6235235773855, 394.935598162834, 460.976437959782, 461.66436337433356, 461.66436337433356, 462.35228878888506, 461.66436337433356, 527.01727775673, 527.7052031712816, 528.3931285858331, 528.3931285858331, 528.3931285858331, 593.7460429682296, 594.4339683827811, 594.4339683827811, 594.4339683827811, 593.7460429682296], "x": [192.27564758923924, 57.476956106503394, 56.815380122065335, 122.31140258143309, 191.7768809474292, 257.934479391235, 260.58078332898725, 122.97297856587114, 57.476956106503394, 122.97297856587114, 193.1000329163053, 259.25763136011113, 259.25763136011113, 191.7768809474292, 124.95770651918532, 58.13853209094145, 326.54694564523163, 393.9432395492619, 461.3395334532922, 529.622620698165, 597.9057079430377, 327.4337389860741, 393.9432395492619, 462.22632679413465, 529.622620698165, 597.9057079430377, 327.4337389860741, 394.83003289010435, 459.5659467716072, 530.5094140390074, 597.9057079430377, 327.4337389860741, 393.9432395492619, 461.3395334532922, 529.622620698165, 597.0189146021952, 326.54694564523163, 393.9432395492619, 462.22632679413465, 528.7358273573224, 597.9057079430377, 58.785092954919456, 124.55794508153434, 192.6251990265195, 259.1628517592579, 125.32274568765777, 58.020292348796026, 192.6251990265195, 259.9276523653813, 59.549893561042886, 124.55794508153434, 191.86039842039608, 259.9276523653813, 59.549893561042886, 126.0875462937812, 193.38999963264294, 259.1628517592579, 60.42495685987718, 126.55440313413244, 191.9237408305227, 259.57340426050797, 327.44546897080653, 395.01067589214017, 460.7741439622382, 530.1410897348073, 595.0036883792876, 326.54459954518876, 394.1098064665224, 459.8732745366204, 528.3393508835718, 595.9045578049054, 327.44546897080653, 393.2089370409046, 460.7741439622382, 529.2402203091896, 595.0036883792876, 326.54459954518876, 395.91154531775794, 461.675013387856, 527.438481457954, 594.1028189536698]}