{"y": [27.023124612575486, 24.867022844572034], "x": [26.06131355717497, 375.1179173307599]}