{"y": [128.35990770873764, 117.57939886872038, 131.5940603607428, 118.65744975272207, 122.96965328872898, 122.96965328872898, 125.12575505673249, 130.5160094767411, 174.7160957208118, 170.4038921848049, 173.63804483681008, 175.79414660481353, 174.7160957208118, 174.7160957208118, 182.26245190882386, 174.7160957208118, 224.30643638489116, 227.5405890368963, 227.5405890368963, 215.68202931287735, 224.30643638489116, 226.46253815289458, 221.07228373288598, 227.5405890368963, 268.5065226289619, 266.3504208609584, 269.5845735129636, 265.2723699769567, 270.66262439696527, 269.5845735129636, 279.2870314689791, 272.8187261649688], "x": [24.8820682741561, 85.02357770811837, 138.08961544396743, 184.08018148170328, 224.17452110434476, 268.98584185906174, 319.69338902887307, 375.1179173307599, 28.419804123212707, 81.48584185906176, 131.01414374585423, 166.39150223642025, 238.3254645005712, 270.1650871420806, 336.2028229911372, 370.4009361986844, 86.20282299113724, 132.1933890288731, 168.74999280245797, 31.95753997226931, 220.63678525528817, 272.52357770811835, 320.87263431189194, 375.1179173307599, 24.8820682741561, 81.48584185906176, 126.29716261377875, 181.72169091566553, 225.35376638736363, 265.4481060100052, 320.87263431189194, 375.1179173307599]}