{"y": [70.36078330924562, 74.67298684525252, 77.90713949725773, 70.36078330924562, 71.43883419324737, 166.30731198539917, 73.59493596125083, 136.1218872333509], "x": [26.06131355717497, 73.23112487792969, 129.83489846283535, 181.72169091566553, 277.24055884019384, 228.89150223642025, 386.91037016094856, 386.91037016094856]}