{"y": [378.683336133739, 222.36595795348887], "x": [123.93867204774102, 126.29716261377875]}