{"y": [278.4246039215785, 267.6440950815613], "x": [120.4009361986844, 266.62735129302405]}