{"y": [75.75103772925428, 76.82908861325598, 73.59493596125083, 76.82908861325598, 171.6975664054078, 220.20985618548542, 77.90713949725773, 77.90713949725773], "x": [17.806596576042896, 74.41037016094856, 119.22169091566555, 177.00470978359004, 219.4575399722693, 265.4481060100052, 330.30659657604286, 377.4764078967976]}