{"y": [22.92654441316978], "x": [226.5330116703825]}