{"y": [377.8209085863384], "x": [228.89150223642025]}