{"y": [33.707053253186984], "x": [231.249992802458]}