{"y": [377.6052852497372, 225.60011060549405], "x": [123.93867204774102, 126.29716261377875]}