{"y": [377.6052852497372], "x": [227.71225695340138]}