{"y": [266.56604419755956, 230.99036502550265, 226.67816148949578, 181.40002436142333, 176.0097699414147, 122.10722574132842, 124.26332750933193, 15.380188225157667, 83.29739391726633, 128.57553104533883, 174.93171905741298, 171.6975664054078, 223.4440088374906, 185.71222789743024, 182.47807524542506, 220.20985618548542, 227.7562123734975, 129.65358192934053, 130.7316328133423, 32.62900236918529, 32.62900236918529, 332.3271481216648, 278.4246039215785, 276.2685021535751, 276.2685021535751, 323.70274104965097, 379.7613870177407, 381.9174887857441, 378.683336133739, 373.2930817137303, 373.2930817137303, 131.80968369734398], "x": [24.8820682741561, 23.702822991137236, 75.58961544396743, 74.41037016094856, 21.3443324250995, 17.806596576042896, 88.56131355717497, 80.3065965760429, 224.17452110434476, 171.1084833684957, 175.8254645005712, 126.29716261377875, 173.46697393453346, 276.06131355717497, 323.2311248779297, 325.58961544396743, 371.5801814817033, 364.50470978359004, 320.87263431189194, 329.12735129302405, 379.8348984628353, 318.5141437458542, 384.5518795949108, 226.5330116703825, 179.3632003496278, 213.56131355717497, 173.46697393453346, 270.1650871420806, 322.0518795949108, 369.22169091566553, 75.58961544396743, 218.27829468925043]}