{"y": [102.78885458209118, 99.40531035375295, 498.51567615983276, 499.27340782556837], "x": [41.93542798796255, 441.45031819563786, 440.92591462311924, 46.50861706099229]}