{"y": [448.01017072291853, 483.336467336822, 462.98544863533414, 529.7982270138037, 501.7675786136412, 545.9254493810206, 521.3506343452616, 531.3341529535387, 570.8842459017133, 608.1304499402854, 609.2823943950866, 642.6887835843214, 460.68155972573174, 584.7075793593277, 593.3613370868704, 516.2098572265601, 485.41694201915544, 506.0583467186244, 577.7956876413692, 612.3108233683502, 632.9522280678192, 796.6882323538912, 731.1713914870728, 779.0922808068028, 749.5161069297819, 732.6689192783143, 789.5749753454937, 871.5646219159692, 705.0816281133486, 715.3147346868326, 729.8772325029445, 804.264045671732, 883.3738311052044, 864.8755230685218, 834.1762033480699, 890.4582895022319, 755.90501341616, 834.4844244235677, 802.9211463620148, 688.1754792424111, 740.1233743853836, 693.4360255860033, 662.863086490399, 632.1877656127554, 515.8605747520808, 515.8605747520808, 516.2589555426995, 575.617693344893, 621.4314842660492, 525.023332936312, 470.4451646215434, 472.8354493652559, 523.0314289832182, 510.68162447403705, 665.6517520247303, 405.67486764020435, 380.6776729710183, 299.63838057575384, 347.6168671182238, 299.2352000165734, 508.4859102312116, 651.0734651261965, 572.2516658064244, 540.4579988539112, 579.537714483042, 668.7650142121387, 713.9929978332531, 841.8199616318843], "x": [877.3615705837033, 867.5014085518809, 835.6455004490703, 875.4653855775836, 844.7471884784446, 825.7853384172479, 793.5501933132132, 761.6942852104025, 787.4824012936302, 790.5162973034218, 727.1837180990243, 712.3934750512908, 682.4337519545998, 908.0797676828421, 1083.2578904268446, 977.4818520854667, 1010.2081401910864, 1095.5302484664521, 1023.649294234466, 971.6378720666061, 1050.823801322168, 1031.981965214931, 997.3159731030513, 887.5403314154319, 857.972279320005, 893.6578594351754, 842.6784592706463, 980.6627023826384, 517.4260123590603, 472.81903721509735, 453.9608038209016, 433.289278754187, 484.7867622537216, 420.23357871205155, 443.44371212029245, 592.4962876013395, 726.6718565072329, 747.7018952417711, 738.6540878792372, 735.7196638697668, 658.2019629529221, 676.7866483462351, 186.29099233092458, 170.53711428008106, 135.27843483295507, 169.03674494190548, 209.1716247381021, 223.05004111622614, 240.30428850524524, 283.06481464324906, 287.1908303232319, 222.67494878168225, 337.45320315211364, 317.57330942128726, 375.33752894104686, 365.88919471672625, 335.4134606183699, 303.52025051543893, 431.44745992830667, 423.65134190314575, 477.51543007698484, 550.710451398468, 489.94549320235717, 445.3095053916339, 544.3338817112217, 1152.5667737751025, 325.687573429378, 535.5546451573753]}